CREATE DATABASE LabMedicoDB4
GO

USE [LabMedicoDB4]
GO
/****** Object:  Table [dbo].[__MigrationHistory]    Script Date: 02/12/2016 08:46:02 a. m. ******/
SET ANSI_NULLS ON
GO
SET QUOTED_IDENTIFIER ON
GO
SET ANSI_PADDING ON
GO
CREATE TABLE [dbo].[__MigrationHistory](
	[MigrationId] [nvarchar](150) NOT NULL,
	[ContextKey] [nvarchar](300) NOT NULL,
	[Model] [varbinary](max) NOT NULL,
	[ProductVersion] [nvarchar](32) NOT NULL,
 CONSTRAINT [PK_dbo.__MigrationHistory] PRIMARY KEY CLUSTERED 
(
	[MigrationId] ASC,
	[ContextKey] ASC
)WITH (PAD_INDEX = OFF, STATISTICS_NORECOMPUTE = OFF, IGNORE_DUP_KEY = OFF, ALLOW_ROW_LOCKS = ON, ALLOW_PAGE_LOCKS = ON) ON [PRIMARY]
) ON [PRIMARY] TEXTIMAGE_ON [PRIMARY]

GO
SET ANSI_PADDING OFF
GO
/****** Object:  Table [dbo].[Analisis]    Script Date: 02/12/2016 08:46:02 a. m. ******/
SET ANSI_NULLS ON
GO
SET QUOTED_IDENTIFIER ON
GO
CREATE TABLE [dbo].[Analisis](
	[AnalisisId] [int] IDENTITY(1,1) NOT NULL,
	[Nombre] [nvarchar](100) NOT NULL,
	[Descripcion] [nvarchar](1000) NOT NULL,
	[Requisitos] [nvarchar](max) NOT NULL,
	[Estatus] [nvarchar](3) NOT NULL,
	[EstudioId] [int] NOT NULL,
 CONSTRAINT [PK_dbo.Analisis] PRIMARY KEY CLUSTERED 
(
	[AnalisisId] ASC
)WITH (PAD_INDEX = OFF, STATISTICS_NORECOMPUTE = OFF, IGNORE_DUP_KEY = OFF, ALLOW_ROW_LOCKS = ON, ALLOW_PAGE_LOCKS = ON) ON [PRIMARY]
) ON [PRIMARY] TEXTIMAGE_ON [PRIMARY]

GO
/****** Object:  Table [dbo].[AnalisisSucursales]    Script Date: 02/12/2016 08:46:02 a. m. ******/
SET ANSI_NULLS ON
GO
SET QUOTED_IDENTIFIER ON
GO
CREATE TABLE [dbo].[AnalisisSucursales](
	[AnalisisSucursalId] [int] IDENTITY(1,1) NOT NULL,
	[SucursalId] [int] NOT NULL,
	[AnalisisId] [int] NOT NULL,
	[Costo] [decimal](18, 2) NOT NULL,
	[Estatus] [nvarchar](3) NOT NULL,
 CONSTRAINT [PK_dbo.AnalisisSucursales] PRIMARY KEY CLUSTERED 
(
	[AnalisisSucursalId] ASC
)WITH (PAD_INDEX = OFF, STATISTICS_NORECOMPUTE = OFF, IGNORE_DUP_KEY = OFF, ALLOW_ROW_LOCKS = ON, ALLOW_PAGE_LOCKS = ON) ON [PRIMARY]
) ON [PRIMARY]

GO
/****** Object:  Table [dbo].[AspNetRoles]    Script Date: 02/12/2016 08:46:02 a. m. ******/
SET ANSI_NULLS ON
GO
SET QUOTED_IDENTIFIER ON
GO
CREATE TABLE [dbo].[AspNetRoles](
	[Id] [int] IDENTITY(1,1) NOT NULL,
	[Name] [nvarchar](256) NOT NULL,
 CONSTRAINT [PK_dbo.AspNetRoles] PRIMARY KEY CLUSTERED 
(
	[Id] ASC
)WITH (PAD_INDEX = OFF, STATISTICS_NORECOMPUTE = OFF, IGNORE_DUP_KEY = OFF, ALLOW_ROW_LOCKS = ON, ALLOW_PAGE_LOCKS = ON) ON [PRIMARY]
) ON [PRIMARY]

GO
/****** Object:  Table [dbo].[AspNetUserClaims]    Script Date: 02/12/2016 08:46:02 a. m. ******/
SET ANSI_NULLS ON
GO
SET QUOTED_IDENTIFIER ON
GO
CREATE TABLE [dbo].[AspNetUserClaims](
	[Id] [int] IDENTITY(1,1) NOT NULL,
	[UserId] [int] NOT NULL,
	[ClaimType] [nvarchar](max) NULL,
	[ClaimValue] [nvarchar](max) NULL,
 CONSTRAINT [PK_dbo.AspNetUserClaims] PRIMARY KEY CLUSTERED 
(
	[Id] ASC
)WITH (PAD_INDEX = OFF, STATISTICS_NORECOMPUTE = OFF, IGNORE_DUP_KEY = OFF, ALLOW_ROW_LOCKS = ON, ALLOW_PAGE_LOCKS = ON) ON [PRIMARY]
) ON [PRIMARY] TEXTIMAGE_ON [PRIMARY]

GO
/****** Object:  Table [dbo].[AspNetUserLogins]    Script Date: 02/12/2016 08:46:02 a. m. ******/
SET ANSI_NULLS ON
GO
SET QUOTED_IDENTIFIER ON
GO
CREATE TABLE [dbo].[AspNetUserLogins](
	[LoginProvider] [nvarchar](128) NOT NULL,
	[ProviderKey] [nvarchar](128) NOT NULL,
	[UserId] [int] NOT NULL,
 CONSTRAINT [PK_dbo.AspNetUserLogins] PRIMARY KEY CLUSTERED 
(
	[LoginProvider] ASC,
	[ProviderKey] ASC,
	[UserId] ASC
)WITH (PAD_INDEX = OFF, STATISTICS_NORECOMPUTE = OFF, IGNORE_DUP_KEY = OFF, ALLOW_ROW_LOCKS = ON, ALLOW_PAGE_LOCKS = ON) ON [PRIMARY]
) ON [PRIMARY]

GO
/****** Object:  Table [dbo].[AspNetUserRoles]    Script Date: 02/12/2016 08:46:02 a. m. ******/
SET ANSI_NULLS ON
GO
SET QUOTED_IDENTIFIER ON
GO
CREATE TABLE [dbo].[AspNetUserRoles](
	[UserId] [int] NOT NULL,
	[RoleId] [int] NOT NULL,
 CONSTRAINT [PK_dbo.AspNetUserRoles] PRIMARY KEY CLUSTERED 
(
	[UserId] ASC,
	[RoleId] ASC
)WITH (PAD_INDEX = OFF, STATISTICS_NORECOMPUTE = OFF, IGNORE_DUP_KEY = OFF, ALLOW_ROW_LOCKS = ON, ALLOW_PAGE_LOCKS = ON) ON [PRIMARY]
) ON [PRIMARY]

GO
/****** Object:  Table [dbo].[AspNetUsers]    Script Date: 02/12/2016 08:46:02 a. m. ******/
SET ANSI_NULLS ON
GO
SET QUOTED_IDENTIFIER ON
GO
CREATE TABLE [dbo].[AspNetUsers](
	[Id] [int] IDENTITY(1,1) NOT NULL,
	[Usuario] [nvarchar](max) NULL,
	[Nombre] [nvarchar](max) NULL,
	[ApellidoPaterno] [nvarchar](max) NULL,
	[ApellidoMaterno] [nvarchar](max) NULL,
	[Calle] [nvarchar](max) NULL,
	[NumeroInterior] [int] NULL,
	[NumeroExterior] [int] NULL,
	[Colonia] [nvarchar](max) NULL,
	[DelegacionMunicipio] [nvarchar](max) NULL,
	[CodigoPostal] [int] NULL,
	[Estado] [nvarchar](max) NULL,
	[Edad] [int] NULL,
	[Sexo] [nvarchar](max) NULL,
	[Notas] [nvarchar](max) NULL,
	[SucursalId] [int] NULL,
	[Estatus] [nvarchar](max) NULL,
	[Email] [nvarchar](256) NULL,
	[EmailConfirmed] [bit] NOT NULL,
	[PasswordHash] [nvarchar](max) NULL,
	[SecurityStamp] [nvarchar](max) NULL,
	[PhoneNumber] [nvarchar](max) NULL,
	[PhoneNumberConfirmed] [bit] NOT NULL,
	[TwoFactorEnabled] [bit] NOT NULL,
	[LockoutEndDateUtc] [datetime] NULL,
	[LockoutEnabled] [bit] NOT NULL,
	[AccessFailedCount] [int] NOT NULL,
	[UserName] [nvarchar](256) NOT NULL,
 CONSTRAINT [PK_dbo.AspNetUsers] PRIMARY KEY CLUSTERED 
(
	[Id] ASC
)WITH (PAD_INDEX = OFF, STATISTICS_NORECOMPUTE = OFF, IGNORE_DUP_KEY = OFF, ALLOW_ROW_LOCKS = ON, ALLOW_PAGE_LOCKS = ON) ON [PRIMARY]
) ON [PRIMARY] TEXTIMAGE_ON [PRIMARY]

GO
/****** Object:  Table [dbo].[Citas]    Script Date: 02/12/2016 08:46:02 a. m. ******/
SET ANSI_NULLS ON
GO
SET QUOTED_IDENTIFIER ON
GO
CREATE TABLE [dbo].[Citas](
	[CitaId] [int] IDENTITY(1,1) NOT NULL,
	[FechaRegistro] [datetime] NOT NULL,
	[FechaEntrega] [datetime] NOT NULL,
	[FechaAplicacion] [datetime] NOT NULL,
	[HoraAplicacion] [nvarchar](max) NOT NULL,
	[Id] [int] NOT NULL,
	[ClienteId] [int] NOT NULL,
	[AnalisisId] [int] NOT NULL,
	[Estatus] [nvarchar](3) NOT NULL,
	[Monto] [decimal](18, 2) NOT NULL,
	[Tecnico_TecnicoId] [int] NULL,
 CONSTRAINT [PK_dbo.Citas] PRIMARY KEY CLUSTERED 
(
	[CitaId] ASC
)WITH (PAD_INDEX = OFF, STATISTICS_NORECOMPUTE = OFF, IGNORE_DUP_KEY = OFF, ALLOW_ROW_LOCKS = ON, ALLOW_PAGE_LOCKS = ON) ON [PRIMARY]
) ON [PRIMARY] TEXTIMAGE_ON [PRIMARY]

GO
/****** Object:  Table [dbo].[Clientes]    Script Date: 02/12/2016 08:46:02 a. m. ******/
SET ANSI_NULLS ON
GO
SET QUOTED_IDENTIFIER ON
GO
CREATE TABLE [dbo].[Clientes](
	[ClienteId] [int] IDENTITY(1,1) NOT NULL,
	[Nombre] [nvarchar](100) NOT NULL,
	[ApellidoPaterno] [nvarchar](100) NOT NULL,
	[ApellidoMaterno] [nvarchar](100) NOT NULL,
	[Telefono] [nvarchar](100) NOT NULL,
	[Celular] [nvarchar](100) NOT NULL,
	[Calle] [nvarchar](100) NOT NULL,
	[NumeroInterior] [int] NOT NULL,
	[NumeroExterior] [int] NOT NULL,
	[Colonia] [nvarchar](100) NOT NULL,
	[DelegacionMunicipio] [nvarchar](100) NOT NULL,
	[CodigoPostal] [int] NOT NULL,
	[Sexo] [nvarchar](1) NOT NULL,
	[Peso] [decimal](18, 2) NOT NULL,
	[Edad] [int] NOT NULL,
	[Estatus] [nvarchar](3) NOT NULL,
 CONSTRAINT [PK_dbo.Clientes] PRIMARY KEY CLUSTERED 
(
	[ClienteId] ASC
)WITH (PAD_INDEX = OFF, STATISTICS_NORECOMPUTE = OFF, IGNORE_DUP_KEY = OFF, ALLOW_ROW_LOCKS = ON, ALLOW_PAGE_LOCKS = ON) ON [PRIMARY]
) ON [PRIMARY]

GO
/****** Object:  Table [dbo].[Estudios]    Script Date: 02/12/2016 08:46:02 a. m. ******/
SET ANSI_NULLS ON
GO
SET QUOTED_IDENTIFIER ON
GO
CREATE TABLE [dbo].[Estudios](
	[EstudioId] [int] IDENTITY(1,1) NOT NULL,
	[Nombre] [nvarchar](100) NOT NULL,
	[Descripcion] [nvarchar](500) NOT NULL,
	[Estatus] [nvarchar](3) NOT NULL,
 CONSTRAINT [PK_dbo.Estudios] PRIMARY KEY CLUSTERED 
(
	[EstudioId] ASC
)WITH (PAD_INDEX = OFF, STATISTICS_NORECOMPUTE = OFF, IGNORE_DUP_KEY = OFF, ALLOW_ROW_LOCKS = ON, ALLOW_PAGE_LOCKS = ON) ON [PRIMARY]
) ON [PRIMARY]

GO
/****** Object:  Table [dbo].[Historicos]    Script Date: 02/12/2016 08:46:02 a. m. ******/
SET ANSI_NULLS ON
GO
SET QUOTED_IDENTIFIER ON
GO
CREATE TABLE [dbo].[Historicos](
	[HistoricoId] [int] IDENTITY(1,1) NOT NULL,
	[CitaId] [int] NOT NULL,
	[FechaRegistro] [datetime] NOT NULL,
	[Monto] [decimal](18, 2) NOT NULL,
 CONSTRAINT [PK_dbo.Historicos] PRIMARY KEY CLUSTERED 
(
	[HistoricoId] ASC
)WITH (PAD_INDEX = OFF, STATISTICS_NORECOMPUTE = OFF, IGNORE_DUP_KEY = OFF, ALLOW_ROW_LOCKS = ON, ALLOW_PAGE_LOCKS = ON) ON [PRIMARY]
) ON [PRIMARY]

GO
/****** Object:  Table [dbo].[Sucursales]    Script Date: 02/12/2016 08:46:02 a. m. ******/
SET ANSI_NULLS ON
GO
SET QUOTED_IDENTIFIER ON
GO
CREATE TABLE [dbo].[Sucursales](
	[SucursalId] [int] IDENTITY(1,1) NOT NULL,
	[Nombre] [nvarchar](100) NOT NULL,
	[Calle] [nvarchar](100) NOT NULL,
	[NumeroInterior] [int] NOT NULL,
	[NumeroExterior] [int] NOT NULL,
	[Colonia] [nvarchar](100) NOT NULL,
	[DelegacionMunicipio] [nvarchar](100) NOT NULL,
	[CodigoPostal] [int] NOT NULL,
	[Telefono] [nvarchar](100) NOT NULL,
	[Horario] [nvarchar](100) NOT NULL,
	[Estatus] [nvarchar](3) NOT NULL,
	[ZonaId] [int] NOT NULL,
 CONSTRAINT [PK_dbo.Sucursales] PRIMARY KEY CLUSTERED 
(
	[SucursalId] ASC
)WITH (PAD_INDEX = OFF, STATISTICS_NORECOMPUTE = OFF, IGNORE_DUP_KEY = OFF, ALLOW_ROW_LOCKS = ON, ALLOW_PAGE_LOCKS = ON) ON [PRIMARY]
) ON [PRIMARY]

GO
/****** Object:  Table [dbo].[TecnicoCitas]    Script Date: 02/12/2016 08:46:02 a. m. ******/
SET ANSI_NULLS ON
GO
SET QUOTED_IDENTIFIER ON
GO
CREATE TABLE [dbo].[TecnicoCitas](
	[TecnicoCitasId] [int] IDENTITY(1,1) NOT NULL,
	[TecnicoId] [int] NOT NULL,
	[CitaId] [int] NOT NULL,
 CONSTRAINT [PK_dbo.TecnicoCitas] PRIMARY KEY CLUSTERED 
(
	[TecnicoCitasId] ASC
)WITH (PAD_INDEX = OFF, STATISTICS_NORECOMPUTE = OFF, IGNORE_DUP_KEY = OFF, ALLOW_ROW_LOCKS = ON, ALLOW_PAGE_LOCKS = ON) ON [PRIMARY]
) ON [PRIMARY]

GO
/****** Object:  Table [dbo].[Tecnicos]    Script Date: 02/12/2016 08:46:02 a. m. ******/
SET ANSI_NULLS ON
GO
SET QUOTED_IDENTIFIER ON
GO
CREATE TABLE [dbo].[Tecnicos](
	[TecnicoId] [int] IDENTITY(1,1) NOT NULL,
	[Nombre] [nvarchar](100) NOT NULL,
	[ApellidoPaterno] [nvarchar](100) NOT NULL,
	[ApellidoMaterno] [nvarchar](100) NOT NULL,
	[Calle] [nvarchar](100) NOT NULL,
	[NumeroInterior] [int] NOT NULL,
	[NumeroExterior] [int] NOT NULL,
	[Colonia] [nvarchar](100) NOT NULL,
	[DelegacionMunicipio] [nvarchar](100) NOT NULL,
	[CodigoPostal] [int] NOT NULL,
	[Estado] [nvarchar](100) NOT NULL,
	[Edad] [int] NOT NULL,
	[Sexo] [nvarchar](1) NOT NULL,
	[Notas] [nvarchar](max) NULL,
	[Estatus] [nvarchar](3) NOT NULL,
	[SucursalId] [int] NOT NULL,
	[EstudioId] [int] NOT NULL,
 CONSTRAINT [PK_dbo.Tecnicos] PRIMARY KEY CLUSTERED 
(
	[TecnicoId] ASC
)WITH (PAD_INDEX = OFF, STATISTICS_NORECOMPUTE = OFF, IGNORE_DUP_KEY = OFF, ALLOW_ROW_LOCKS = ON, ALLOW_PAGE_LOCKS = ON) ON [PRIMARY]
) ON [PRIMARY] TEXTIMAGE_ON [PRIMARY]

GO
/****** Object:  Table [dbo].[Zonas]    Script Date: 02/12/2016 08:46:02 a. m. ******/
SET ANSI_NULLS ON
GO
SET QUOTED_IDENTIFIER ON
GO
CREATE TABLE [dbo].[Zonas](
	[ZonaId] [int] IDENTITY(1,1) NOT NULL,
	[ZonaNombre] [nvarchar](100) NOT NULL,
	[Descripcion] [nvarchar](500) NOT NULL,
 CONSTRAINT [PK_dbo.Zonas] PRIMARY KEY CLUSTERED 
(
	[ZonaId] ASC
)WITH (PAD_INDEX = OFF, STATISTICS_NORECOMPUTE = OFF, IGNORE_DUP_KEY = OFF, ALLOW_ROW_LOCKS = ON, ALLOW_PAGE_LOCKS = ON) ON [PRIMARY]
) ON [PRIMARY]

GO
INSERT [dbo].[__MigrationHistory] ([MigrationId], [ContextKey], [Model], [ProductVersion]) VALUES (N'201611212123410_Migration_0', N'LabMedico.Migrations.Configuration', 0x1F8B0800000000000400ED3DDB6EDC3A92EF0BEC3F34FA69779071DB0E32C804F60C3C4EB227D83831E26430D8974056D3B6306AA98FA4CE3858EC97EDC37ED2FEC2901245F156BC4894D4ED63F8C52D92C56255B1582C5691FFFFBFFF77F6E7C74DBAF8818A32C9B3F3E5C9D1F17281B2385F27D9FDF97257DDFDFEF5F2CF7FFAD77F397BB7DE3C2EFEDAD67B49EAE1965979BE7CA8AAED9BD5AA8C1FD0262A8F36495CE4657E571DC5F96615ADF3D5E9F1F11F5727272B84412C31ACC5E2ECCB2EAB920DAA7FE09F977916A36DB58BD2AB7C8DD2927EC7253735D4C5A76883CA6D14A3F3E5C7E8F60AAD93383F6AEA2E17176912613C6E507AB75C445996575185B17CF3AD4437559167F7375BFC214ABFFEDC225CEF2E4A4B44B17FD355771DC8F12919C8AA6BD8828A7765956F3C019EBCA49459C9CD7BD177C9288769F70ED3B8FA49465DD3EF7C799145695226986472676F2ED3825454C97BD4367AB160452F98206079217F2F1697BBB4DA15E83C43BBAA88D2178BEBDD6D9AC4FF897E7ECDFF8EB2F36C97A63C72183D5C267CC09FAE8B7C8B8AEAE7177427A1FC61BD5CACC4F62B19006BAE69DB0CEE4356BD3C5D2E3E6164A2DB143159E0087153E505FA0F94A122AAD0FA3AAA2A5460567E58A39A9A0A16529F9FF2CD6D81DAFEB0F8E179B45C5C458F1F51765F3DE019768C67CEFBE411ADDB2F14876F19A6EC1A37AA8A1DD2E068EEF72D2AE322D9C6B5E0983A1FA5F72FE8D71DA674959786CE5F8DD4F9BB12B36E67EAF9E548DDEED6496E172E09CCA7E847725FCB1A20AE37BB78579451BA5C7C41695DB17C48B68D7E3B922B7DEFE6F4FB22DF7CC9530D2456E9FBD7A8B84715C638B7D5BCC97745EC81FD655245A5166552A24553285050134B7DD1A1DCD163440BB548C9650A5E4A051D6A67AB4EF93AA9E48EE93D5473DB785E15DD62314455F330A652D9EE7D9AE1B82F3766389739168016C45B14271B2216D705FE8F1A69AF978B9B382200FDA14FA52DAD6A6E0CF5D64E45BB7A6B67B52BD62D04A4C75BE9A09BCF1DDE602545C7C03507299B5E4A665EE53244A9CCA14CE6B2FF2EA3349DA1DB4FBB0D2A724C56542479314CEF35B0DE3D86807599A779964473D8E129BA8F88197EB5C380926D92CF200C78FB7E9F5FE37584CCF52174FC8A87739767338CE197BC888A398837D376E2BFF22C9A782F3170D192175BFBF2E68AFD5714135AEA975A5AF89D5F913B74D5526571D554F1DD5D7C2B774438F508E26512CB2E5E4692FC5B890A0051B89682B0A1EA20738012C2CB1AA06DE6310668E77D6C01AEE95337052EB6284D93758E11C6F8CEA0415B04AEE642E0D9187A36864630868865B09EC3225947035D0A37E8D188F728B321AF1D8260A7F85FA76EF7D25A0BE5330AEE4486DDB0ADD9436BA826535DA0587562A9AF25E7E486EDCC3DD50DDB96816E5856C1D786B37874BCCD4C88701AC3AE97B54618E065AA9106F3D869A4E73E465ADB6E2A0BED3D8A1FA22FE83E29ABA2F3B862505F938DBF4EA8A161B61578CD0B03EC628BB911F1677ABDE191EDB40A6E805AF6EC7FB0533C4D304FD1BEF8E8675A76AEF22CE4D1403F1FBDE3799EAC0FF5A77DCEEB5AC37F00A3A6505DDA8402F5845128F55D3F7EC15A036FC92137052B56B1928A14BCE4F251BD130A76DA0A569F048CA9FB02D7B0C36F8D6BDACCB4CC753AC97BA5735567CFEE88C37747CCE744BF44E92E8D8A193A7EF6C03C7B60C27B60E6F0635CA372C4688CC1AE9DD9E3390C815F6E669962286A8DB65E2605B3A4BC8C0AD66A1EB38275DFC7B0101A4F655AB8EDDBA7DC8B4FB5518285DFC3FE972700B43FE835052443DD6B22486DE7990E7D66C194C24F775BA37BBAADF67B986EDCCDF5B0FDD9ADF330FDD92CD340CC3219A203ECCEA1666698D1F9599581F8061B91034FED021D44A996DC205B3694D298E2100E3C0D1B6ABA0662CD264A52432FA7AFFE10AA97CB3CBB4B8A0D6284F84B8E97F428F3DF754465F98FBC58FF12950FE3F30F61FEE1A5EEA68A36DBD17BBB7EC83384B5DC2D32392682F7158C355FFF91BF8F626C34BCCB48ABC1F03EE6F1DFF35DF52E5B1373F75B15ABD6AF238020E85CC4312ACBF75898D1FA32DF65D530BB9E188EE4BF00F36F042BBDA7375CB6D8CD3E73F7338E28D938E249AB1A10AD6BD8316DAAF9A2FA31BF4F323754DBAA30AA4D0D2BAAB49A2FAA04981BA6B4268C685DC18A67532B7082C9E0A0521BD6C1C214EAED2501598B96DF690E6B7B248179DE7A42BA75F8C13A262F0130BE054F7AFA6B94EE4277D543366B5D325C366B30F3C866DD35FEFC2359133B6A656FD156C6E09DEAB7D2E53B0324CC606FFDE9EB51FCF5FC30A7EEDC7F46F6105EA2C087CB2E81328FE8EA054B5B9520D947064368C6B6EF1178498317BD9848DBCCC3322E4ED59715CE21AE871FEAE07609C7ABC3CE5BEB1734E675E5826CAB827732044928F30A43865053E29407E8F8E1FA7D3EDDBEEF26F3DCAE08C224E0B49C71EE3BADC41D984B65EA99B95C6190185261A6CE10FFECC0BAE1AC2982350603F20459FBA9E4D2393F718493789BDA34E547504F575B51C99010CAA11C09B1D220D12569D45E224B1ACC23AA6DC6B7AF88BA658A87134DD2DF6FC0A28244ECA22CF338A92929193AEA2535E258DE65EB85F38D35CDD87477E0E0A162094C48F20646EF7CF93B85682E1DB1006EB523B98393A52CBC9F3372E45BA1C545DCDC6C78199571B456D98769B816BF6079470511B4881C8E9578062559A54E8E248B936D94BA0E4302A09D5F175CAE87B2D55CB12EE592B7688B3232355C79371C17D6A5444C1BEDCE569C709A6516BEEB011225878B1F3A51826435A828B9E0661073F7F9D44B66ADF4729113F8BA232F99B5D267382E13C8AC986804C9029075D4F1BF499C74D7A1C0B58487A037B5A84FA82BB5BC3808FD28C62A83A2A10F5CE664ADCD619A440D02E96DBEA2DF4FD474A47061359835E52769BAA10FEE7E024193E38221DE8241C21D77B9E87677ED06261F9AA5667EDD0620EEC4736D3EBA97BC01EC18D6FB04E2A60F708184C312EDD2898812553E89BEB3A4A64EA2F78C24721187818268A441FFFEE710C52686C999D95240D3DE09A31849C54BA31C12338D600AF49A43320582B820001E0CCF219E346ECD95FD7210DBBE89A7143DA7154F1A153389788AF49A413C45821C9C7836C18AAEDC972217F74D38C59049AD6C3687A29388A640AC192453A0C6C109261799EACA7E5D98AAB3889A363B0E41AE0E4ECCE3A3A39371244DC5674227A19D0B07E12514EFB5832401B8E4AE633E3BC274E03D04B6DF4EC463AC4A140D84171C52D3A1C682D02651F9F0BB2A76C76A203D0F11C545CCC10038AF29071161300613CC33254CCAC66935666A6ED9532F93B4CEFFC0A227D3647AD193697008A2A7B98BD3A690CD268533B38D803D4C88F9DDA730FE139A1C30770EC2D45042F4206181E3F5E4AD8D6E5B33D66911142338F57E0BA2CE045B2D88062E5DEB7311A6558162B89D455701B1778A1AA4719EDEBA501FB66757B37BA30CB503701105F0218A3EDA50CBA6C1580497C9263A0EB7A9700B54A8BBFFB7B7A4103D569AF84B3CD96808664983F164D922C06F50A5E412744179CA2641914F3D8C76D93001EBD66D0B50133067209471480784CD190B0C3A6995F6CD86D3D698DDA6ABB66F23182C20D881A8160A77346D814363DD15088AD7C73624F190453B34F91CC619649BC36E00497DE7CE2069B2B90162B3025B007617EC2B90D81ECB02C28C891316E24202C9342DB6C022E1C63A204D64B7D498D355F0C4E7928EB8FA8006007C2BC2FA670FE76583D2AA21455BFB04F06A40ABCBA44817079A19DE025369E6184C2A0CCC1E4ECA0DCC8D56F628501F36F4209A7413BA4A284304A3689A6B631839ECB553C700625C61912EF6D48C1B8EA61391D6C6D3F1E3660B9569E8DA30381BF57A8C5BB9D3511DB931BC4BC01A0AF0E2F016D6580301A098AE1148005C98A312C221F0C878540312851A0C067298C384A6200AB5401CA8A28981318F458C82194617316285278C624C05A7516B52D969A40BC4308E4B0AC5184423296C424BA37628C169442D333B8934C100C65189E1008308241EDD6BE94387119C3CFC1D48761A41CE63E3E8346EE441D4D2788F5DCC9E1EC4929EFB52E9633837D53ABE4185CCED660D94D09F948EA08CD59B06D4B19BCF51CDE7961A0A749B300301C003D0716C34F55603980CFA233DB743BDBE6450CEE25C246AC03C302B0BDB0993EB1953EF69319D6250EF19D0D8EFC6830EB7A30E0E7DED02E0763631EA82A2CF6107A5C3E07C7777BFAB1262DFDB19FDED03E74D9BF6CC1CBBACEC6C75133FA04D443F9CAD7095186DAB5D9436B9F36DC155B4DD26D97DD9B5A45F1637DB2826DCFDFDCD72F1B849B3F27CF95055DB37AB5559832E8F36495CE4657E571DC5F96615ADF3D5E9F1F11F572727AB4D0363150BD227BBA1594F788D8DEE91545A5F1B8DDE274559BD8DAAE8362249DF97EB8D524DEBC606FC546D9792A75A655FEBC06A1B90FF992523DE420041E968F91E0F6F43CE0EEA6C7EDD9AA134C58DC9130751015CD4430E0E2EF374B7C9EC497830B4F66A001E52FBCD1D8A90E8CF83120ADCE17D41BFEEF0582AB21AF1E0F8EFEED0D8DD4A3C28F6D10B4E1B48214182E22BC8BC93244039EA51244D39331325D74BAEBBA5278880439E420F418741D8049E0F20D009BE29C000860E41ED072DECE4BCCC4BF20E0A0F887E1A4FF86712D840823A4040FD0533ACE884D1C4F4810C41649A4F1E9848CF5F08184965BE50BB973154A85D99CF14A18F668893847EF459C1348F62882B99A6820F9EFC031822B27C893BC4EE5D421E5AF7D51D12795DB890C7CB3E4EBFCEB65724F160F4D72DD530E651589DB53E486101FB11077D05B6840586059C881203C6A1C0B0C2282BE5B52261C9940BFDE15E99E05EF9C37D56AEBF15E5DA3E3B246BB2B59F42AC5F151260D45F3CACD3FA9921C1B8A8BFF8CCD4DA3F214E54ADCBC24C8D108A3DACC17440DB31C84BEFB150D49161FEAB84BE193891E86517C214022EC080A1488F41F2C0A4224F98785C05D6131A90ACC413E205096B8D54BF8552E8674D4160E53277A832573C3792DDB539026BE1DB74605861B7B8A1540B7D329487423FED8F1268A36186E9011AE1D94315402DA7909ADFA6C1186E8FC6DE821738D17E7C36619F4DD8F0A663F3763A0FA1F932A5017C20EE4B3ED66F907AEF42EFFD15BCA12D68ACF00F8E0B960AFC8CB909DEFE1A900760204087F51EE223E75DF80B9115C238162A7B879B07C13E3EDB1966B8CFABFA6F65557F764C8DEA500A1327D0BC582D40693E79C2E01E3D568071651E169DF02EB560D909253E72203C3E2D0A8450E48125FFC4B480245FD00B1E40517D0D8F7D9EF2A8B4B0DF534ADD216B9E97E6416B8A7BC0D6E02C9779AC71EA0BD4C22AA716FB5809ED73D4A299D07EDD1B534E49C118E6F391525F7BF87E6C10C6B2EA9AABED646EF97A2FD923B7A21F8A7DF684459FB15580D1EF7B284560164D2F296AB29D8748110001D634C2A3B2A2A231BE840BC3BCE65F8A1594B9E9A55C189E9FACCE2E1150D2502F81A8D3C487C8831EC0B86AA1BDD1450810056E79998D612CAB6210A7DACB00FC5904B60C79AA3AEE663C7470F181B814834DF04193DB6F620FB31654CB6ECFAC3A21E56310674C901C78636E0E9F4689AF636AA2C08097371DA006092BF3731FCF2405CD152783D85FDF86E2CF767D3388987E619426283A3DCE7F1F5F978FCD6A31C14A3BEBDB5C5CFBAC6E6BBAC4E2903C31FD84B2BD4DD263327E374CCAFA72B6169A2F92E0E56B8367B911ADCB3C5B27F5357B1F4AF23A287B19D46BEC727A9D2A204A969D5C858927FDC27EB32C3B9AE126A4DED5F4218974355D4A9A6D27A7BC3555968B765B73BEBCF959566873442A1CDDFC9A36F1185D85AB284BEE505935EFDB2E4F8F4F4E978B8B3489CA26219226F3BD91AF7973CAEE3B7949B2FBD07AB3929BFBE708122865B916322ED437812FB419726E8FF4C23149F6877AF9B6CD455609A1B2F5395ECF3772C5B779B31F51113F90900EF975DEE14FEF42B0FD81F3697822EC7FDB448FFFEE0D8F19DF06445FF681DA6E5938FE29971B7EC8D6E8F17CF9DF75AB378B0F7FFBCE1ABE587C2EF0847AB3385EFC4FCFF7874171065E70F5126BF898C35DBC7918238A39D08D0337BA961EEC709ECE0E08742D07214033F79ABED7284E36E4E4EFBAC0FFD52F962F4F5E63B2E3F51217FB3F1D1F620A39CBF010D91D22B313C9EA482A999EC807862A1FCD7374E905A93B8EEF0F899DC4075FD434A7F1A1B9241CCCF7A74117E419184196981718EE388B70BBE17425A4B30ED2DFA2EDA4820C3B019B06E29A1E9E0252029746827F3512FC6705FA5B52A06D5453683557073AF547AB09733221D563BA33C792612755DFBB3E8B0E9FDD76DFCF9D9CEACE735B7EF4AE2EFBDAD3B61B71E191A2ABE95E05C3AE127210D3071ACBCC0B018CCF9D1B084F4EC50BE1C7F017D0A17BCA2E15CBAF5FD6F0B0F7D4E3E83B9A1730D24E5DE38FF6A39D020022A1BA62B8EB365DAEA0A37A83D2031D349C569C9FADEB49ACEBD136AC2C4BF1793BF0BC1DD827BBBBC9661CCB213B709F31A94317C81C7453F8865441BBCA171A8FA8F435C6B38B9954B71A64A28435A9439A26CED2614C097493913EA231B244B0E4C200FB6EBD49D10B94C58C180413301D7AC1D4AEBEFD88E7B2E2BA03B22CB84E63D3AFB7BD46E7B0C6F6A3BF7D5D75F518A95EB67ECE2778C57369AE5BE07B4EC650EEB4311D5F03DC79FDB8D364201AAC89D3577FE80594CB986BA0DF26FEE68E987F18827762F661008842F66158784148A8A619F687A5C92B842D1797C1CAF984FD51D32410F6B7B2BBD4417962D82679DBB2FEFC62F1A1FC9625BFEE70C1574C0D32D5E19935C8E96C4AE43B605BAC49FEF153B24DAB810E54964318624DE69208BDC1F510014D169E9B085892EE342DAE4D49759AFAFA742EBBA0499899F6FBA7AFFD57197E1481614F24C33DC444CDE17193122825CFF975753BBB679BF82DC27E1D37ADC6E096364FCF8D4D606A9E9DFCFA83D50371B8BB8638BF9A2918CA73A6F69DA57BB89CF7B3A8080166B0A8E05C3AAF68322073CE39A48CB51F912F438F1C871A5BAA0F360C0BD5BC3837D6E9B3E1EC2CD304358666159F5EB7B77A136210974F25450A58DE69D73CA5DEA2283CF78EF1DCA55542C23770F7E4EC4766F6E78C38DE2AB4B8889BDCA6CBA88CA3B54A1C925F66C3A17B4D5D834B5728E2F43BA52B2C78A820F210119F49591551A226325E17491627DB2895E92055D40AF485E10EE6B315032D97BC455B94114985C63DBC6FD685447D1B4D84E43CB38C39BE6BAF79825EE02BC4CF272C635E7C36DDAD36B68C99FB9E40C6C8127618BAAB8E4EE4FB6F3E3C191D05BC87B0877A894635E99E6AE6F94523AE0496B5DF9E9CC4C0B7D87B04948D232FC6EE261017161161131817768D242A5DBC088F00F7751CA1716621789980B3B898EEE1F6E970028191C2332C62230773F00C54CA9E9CDE3186B200CC9D4AF1EC8F0069AEACDC6F09920EC5046192CB9E8C5C592F05F5F0E8CF2166BA3B2D0F44CC9A8337BD98D1B2A72766D0ADA17B2E669A7BF40E44CAEA1301BD9035454F4FC680BB0AF75CC45AB78441CEBC5C4DC74747270A3383C8EC013B8CFAC8E5ECFE22F1463888A1ED5D063C23D9372FD198D296869F2E060FC9A632A59DEEBB9B80FDF47CDDEE316C8FFF79D6B16F93FAA19D7C96812408BED6D823CAC14B82BC3C95C62E27941E2AC5FB2C3D1E1AEC6065C747DFCD2D3AAD020C6D993C19F199C382F111A0D92D972E28E9BBE65D3A65BF02EC5574FB9427BA6F325EB6BE0F5B26E86D84291512BD2E587B77572F7530AE42E2AE7C16D1A0054FC4AEB6DC46EFD96D7069922E5F6E15947C51B2224EF4E26DE91C78B9E882961433B7B96CF97CB9BE25D2D7043E75A5CAB64BDF43B778823D75554C3D72ABB7AD6F439FE6BE3CFA605350E98295E87A60E6AB0D7EB3575580379F7590E92CB4816D4FD155C86D891678FB5CBB0D3E77ECA9F4C095E9FA60C5F65E14C78ED29752432B5AE5F613AA9A15DD4A38F9E84425A05CC3DC253D5872EF97FAD20DFDD21AE67EE949837BBF8D9960E8B6A960EEB5713CDB3A65FB34A53756A2EB86BD2BE43628E3806C83711B88B832422AA27D1A01D6136E93BA0EF9557B693EEBA037AF76C860C59BFFADC1AA0BAE3EA0D1015F0FE06B61C38297196D4B59DD0B10BA42D9E21187EB400A38A652430AC7004C60F7C90D041AC0ACA41043FF34C337C40606E23EBF40762F8A04189A10A1A61B1A1CC22622282EB50D8EEDB7190626C7526986660CB7F2475268A158067533EEEBE001EA637F34C3740812125007CC0DED13F17370168859711939F4206BF0A1EBCD27ED7BACE109D2DA3C7682806F8B8E4710C1AED33E2D1A9E20D48AB1D3037A786F3C72F0D699EE61CDF0C4E0777D768A405EE4402BF90082F62085F448973A7AC399ADDE4BC5A1CBBECDA01295C346CDD8CC0792FA43250E53F6CDC12E73326F060CB3732BC0C3D49F9C0519A607F70708A9799EDA4E7902CDCF7187AA1C34E8EC4FE36104781CA168549D369D4D276B5DE230970DAEF3206A49B77F571F1B751FB6F2681E2B3B5B351B74FA01FF541EC73B5B7DD965E49EA1E6D75B5426F71D08F2F05F8662C14FCCEA7CC8EEF2D6632D61D456912F554455B48EAAE8A2A892BB28AE7031B96228C9EE978BFA361772D1D52D5A7FC83EEFAAEDAEC243469BDB54B80885B8BD4DFD9FAD149CCF3E6FC9AF32C410309A09B99AE973F6975D92AE19DEEF3549BB0008E24FA709CC8497154964BEFFC9207DCA334740947CEC18E02BDA6C530CACFC9CDD443F501FDCF0ACFB486ED1FBD9DD0C0301B1334224FBD9DB24BA2FA24D496174EDF14F2CC3EBCDE39FFE09445671D66A370100, N'6.1.3-40302')
INSERT [dbo].[__MigrationHistory] ([MigrationId], [ContextKey], [Model], [ProductVersion]) VALUES (N'201612012012116_NombreCompleto', N'LabMedico.Migrations.Configuration', 0x1F8B0800000000000400ED3DDB6EDC3A92EF0BEC3F34FA69779071DB0E32C804F60C3C4EB227D83831E26430D8974056D3B6306AA98FA4CE3858EC97EDC37ED2FEC2901245F156BC4894D4ED63F8C52D92C56255B1582C5691FFFFBFFF77F6E7C74DBAF8818A32C9B3F3E5C9D1F17281B2385F27D9FDF97257DDFDFEF5F2CF7FFAD77F397BB7DE3C2EFEDAD67B49EAE1965979BE7CA8AAED9BD5AA8C1FD0262A8F36495CE4657E571DC5F96615ADF3D5E9F1F11F5727272B84412C31ACC5E2ECCB2EAB920DAA7FE09F977916A36DB58BD2AB7C8DD2927EC7253735D4C5A76883CA6D14A3F3E5C7E8F60AAD93383F6AEA2E17176912613C6E507AB75C445996575185B17CF3AD4437559167F7375BFC214ABFFEDC225CEF2E4A4B44B17FD355771DC8F12919C8AA6BD8828A7765956F3C019EBCA49459C9CD7BD177C9288769F70ED3B8FA49465DD3EF7C799145695226986472676F2ED3825454C97BD4367AB160452F98206079217F2F1697BBB4DA15E83C43BBAA88D2178BEBDD6D9AC4FF897E7ECDFF8EB2F36C97A63C72183D5C267CC09FAE8B7C8B8AEAE7177427A1FC61BD5CACC4F62B19006BAE69DB0CEE4356BD3C5D2E3E6164A2DB143159E0087153E505FA0F94A122AAD0FA3AAA2A5460567E58A39A9A0A16529F9FF2CD6D81DAFEB0F8E179B45C5C458F1F51765F3DE019768C67CEFBE411ADDB2F14876F19A6EC1A37AA8A1DD2E068EEF72D2AE322D9C6B5E0983A1FA5F72FE8D71DA674959786CE5F8DD4F9BB12B36E67EAF9E548DDEED6496E172E09CCA7E847725FCB1A20AE37BB78579451BA5C7C41695DB17C48B68D7E3B922B7DEFE6F4FB22DF7CC9530D2456E9FBD7A8B84715C638B7D5BCC97745EC81FD655245A5166552A24553285050134B7DD1A1DCD163440BB548C9650A5E4A051D6A67AB4EF93AA9E48EE93D5473DB785E15DD62314455F330A652D9EE7D9AE1B82F3766389739168016C45B14271B2216D705FE8F1A69AF978B9B382200FDA14FA52DAD6A6E0CF5D64E45BB7A6B67B52BD62D04A4C75BE9A09BCF1DDE602545C7C03507299B5E4A665EE53244A9CCA14CE6B2FF2EA3349DA1DB4FBB0D2A724C56542479314CEF35B0DE3D86807599A779964473D8E129BA8F88197EB5C380926D92CF200C78FB7E9F5FE37584CCF52174FC8A87739767338CE197BC888A398837D376E2BFF22C9A782F3170D192175BFBF2E68AFD5714135AEA975A5AF89D5F913B74D5526571D554F1DD5D7C2B774438F508E26512CB2E5E4692FC5B890A0051B89682B0A1EA20738012C2CB1AA06DE6310668E77D6C01AEE95337052EB6284D93758E11C6F8CEA0415B04AEE642E0D9187A36864630868865B09EC3225947035D0A37E8D188F728B321AF1D8260A7F85FA76EF7D25A0BE5330AEE4486DDB0ADD9436BA826535DA0587562A9AF25E7E486EDCC3DD50DDB96816E5856C1D786B37874BCCD4C88701AC3AE97B54618E065AA9106F3D869A4E73E465ADB6E2A0BED3D8A1FA22FE83E29ABA2F3B862505F938DBF4EA8A161B61578CD0B03EC628BB911F1677ABDE191EDB40A6E805AF6EC7FB0533C4D304FD1BEF8E8675A76AEF22CE4D1403F1FBDE3799EAC0FF5A77DCEEB5AC37F00A3A6505DDA8402F5845128F55D3F7EC15A036FC92137052B56B1928A14BCE4F251BD130A76DA0A569F048CA9FB02D7B0C36F8D6BDACCB4CC753AC97BA5735567CFEE88C37747CCE744BF44E92E8D8A193A7EF6C03C7B60C27B60E6F0635CA372C4688CC1AE9DD9E3390C815F6E669962286A8DB65E2605B3A4BC8C0AD66A1EB38275DFC7B0101A4F655AB8EDDBA7DC8B4FB5518285DFC3FE972700B43FE835052443DD6B22486DE7990E7D66C194C24F775BA37BBAADF67B986EDCCDF5B0FDD9ADF330FDD92CD340CC3219A203ECCEA1666698D1F9599581F8061B91034FED021D44A996DC205B3694D298E2100E3C0D1B6ABA0662CD264A52432FA7AFFE10AA97CB3CBB4B8A0D6284F84B8E97F428F3DF754465F98FBC58FF12950FE3F30F61FEE1A5EEA68A36DBD17BBB7EC83384B5DC2D32392682F7158C355FFF91BF8F626C34BCCB48ABC1F03EE6F1DFF35DF52E5B1373F75B15ABD6AF238020E85CC4312ACBF75898D1FA32DF65D530BB9E188EE4BF00F36F042BBDA7375CB6D8CD3E73F7338E28D938E249AB1A10AD6BD8316DAAF9A2FA31BF4F323754DBAA30AA4D0D2BAAB49A2FAA04981BA6B4268C685DC18A67532B7082C9E0A0521BD6C1C214EAED2501598B96DF690E6B7B248179DE7A42BA75F8C13A262F0130BE054F7AFA6B94EE4277D543366B5D325C366B30F3C866DD35FEFC2359133B6A656FD156C6E09DEAB7D2E53B0324CC606FFDE9EB51FCF5FC30A7EEDC7F46F6105EA2C087CB2E81328FE8EA054B5B9520D947064368C6B6EF1178498317BD9848DBCCC3322E4ED59715CE21AE871FEAE07609C7ABC3CE5BEB1734E675E5826CAB827732044928F30A43865053E29407E8F8E1FA7D3EDDBEEF26F3DCAE08C224E0B49C71EE3BADC41D984B65EA99B95C6190185261A6CE10FFECC0BAE1AC2982350603F20459FBA9E4D2393F718493789BDA34E547504F575B51C99010CAA11C09B1D220D12569D45E224B1ACC23AA6DC6B7AF88BA658A87134DD2DF6FC0A28244ECA22CF338A92929193AEA2535E258DE65EB85F38D35CDD87477E0E0A162094C48F20646EF7CF93B85682E1DB1006EB523B98393A52CBC9F3372E45BA1C545DCDC6C78199571B456D98769B816BF6079470511B4881C8E9578062559A54E8E248B936D94BA0E4302A09D5F175CAE87B2D55CB12EE592B7688B3232355C79371C17D6A5444C1BEDCE569C709A6516BEEB011225878B1F3A51826435A828B9E0661073F7F9D44B66ADF4729113F8BA232F99B5D267382E13C8AC986804C9029075D4F1BF499C74D7A1C0B58487A037B5A84FA82BB5BC3808FD28C62A83A2A10F5CE664ADCD619A440D02E96DBEA2DF4FD474A47061359835E52769BAA10FEE7E024193E38221DE8241C21D77B9E87677ED06261F9AA5667EDD0620EEC4736D3EBA97BC01EC18D6FB04E2A60F708184C312EDD2898812553E89BEB3A4A64EA2F78C24721187818268A441FFFEE710C52686C999D95240D3DE09A31849C54BA31C12338D600AF49A43320582B820001E0CCF219E346ECD95FD7210DBBE89A7143DA7154F1A153389788AF49A413C45821C9C7836C18AAEDC972217F74D38C59049AD6C3687A29388A640AC192453A0C6C109261799EACA7E5D98AAB3889A363B0E41AE0E4ECCE3A3A39371244DC5674227A19D0B07E12514EFB5832401B8E4AE633E3BC274E03D04B6DF4EC463AC4A140D84171C52D3A1C682D02651F9F0BB2A76C76A203D0F11C545CCC10038AF29071161300613CC33254CCAC66935666A6ED9532F93B4CEFFC0A227D3647AD193697008A2A7B98BD3A690CD268533B38D803D4C88F9DDA730FE139A1C30770EC2D45042F4206181E3F5E4AD8D6E5B33D66911142338F57E0BA2CE045B2D88062E5DEB7311A6558162B89D455701B1778A1AA4719EDEBA501FB66757B37BA30CB503701105F0218A3EDA50CBA6C1580497C9263A0EB7A9700B54A8BBFFB7B7A4103D569AF84B3CD96808664983F164D922C06F50A5E412744179CA2641914F3D8C76D93001EBD66D0B50133067209471480784CD190B0C3A6995F6CD86D3D698DDA6ABB66F23182C20D881A8160A77346D814363DD15088AD7C73624F190453B34F91CC619649BC36E00497DE7CE2069B2B90162B3025B007617EC2B90D81ECB02C28C891316E24202C9342DB6C022E1C63A204D64B7D498D355F0C4E7928EB8FA8006007C2BC2FA670FE76583D2AA21455BFB04F06A40ABCBA44817079A19DE025369E6184C2A0CCC1E4ECA0DCC8D56F628501F36F4209A7413BA4A284304A3689A6B631839ECB553C700625C61912EF6D48C1B8EA61391D6C6D3F1E3660B9569E8DA30381BF57A8C5BB9D3511DB931BC4BC01A0AF0E2F016D6580301A098AE1148005C98A312C221F0C878540312851A0C067298C384A6200AB5401CA8A28981318F458C82194617316285278C624C05A7516B52D969A40BC4308E4B0AC5184423296C424BA37628C169442D333B8934C100C65189E1008308241EDD6BE94387119C3CFC1D48761A41CE63E3E8346EE441D4D2788F5DCC9E1EC4929EFB52E9633837D53ABE4185CCED660D94D09F948EA08CD59B06D4B19BCF51CDE7961A0A749B300301C003D0716C34F55603980CFA233DB743BDBE6450CEE25C246AC03C302B0BDB0993EB1953EF69319D6250EF19D0D8EFC6830EB7A30E0E7DED02E0763631EA82A2CF6107A5C3E07C7777BFAB1262DFDB19FDED03E74D9BF6CC1CBBACEC6C75133FA04D443F9CAD7095186DAB5D9436B9F36DC155B4DD26D97DD9B5A45F1637DB2826DCFDFDCD72F1B849B3F27CF95055DB37AB5559832E8F36495CE4657E571DC5F96615ADF3D5E9F1F11F572727AB4D0363150BD227BBA1594F788D8DEE91545A5F1B8DDE274559BD8DAAE8362249DF97EB8D524DEBC606FC546D9792A75A655FEBC06A1B90FF992523DE420041E968F91E0F6F43CE0EEA6C7EDD9AA134C58DC9130751015CD4430E0E2EF374B7C9EC497830B4F66A001E52FBCD1D8A90E8CF83120ADCE17D41BFEEF0582AB21AF1E0F8EFEED0D8DD4A3C28F6D10B4E1B48214182E22BC8BC93244039EA51244D39331325D74BAEBBA5278880439E420F418741D8049E0F20D009BE29C000860E41ED072DECE4BCCC4BF20E0A0F887E1A4FF86712D840823A4040FD0533ACE884D1C4F4810C41649A4F1E9848CF5F08184965BE50BB973154A85D99CF14A18F668893847EF459C1348F62882B99A6820F9EFC031822B27C893BC4EE5D421E5AF7D51D12795DB890C7CB3E4EBFCEB65724F160F4D72DD530E651589DB53E486101FB11077D05B6840586059C881203C6A1C0B0C2282BE5B52261C9940BFDE15E99E05EF9C37D56AEBF15E5DA3E3B246BB2B59F42AC5F151260D45F3CACD3FA9921C1B8A8BFF8CCD4DA3F214E54ADCBC24C8D108A3DACC17440DB31C84BEFB150D49161FEAB84BE193891E86517C214022EC080A1488F41F2C0A4224F98785C05D6131A90ACC413E205096B8D54BF8552E8674D4160E53277A832573C3792DDB539026BE1DB74605861B7B8A1540B7D329487423FED8F1268A36186E9011AE1D94315402DA7909ADFA6C1186E8FC6DE821738D17E7C36619F4DD8F0A663F3763A0FA1F932A5017C20EE4B3ED66F907AEF42EFFD15BCA12D68ACF00F8E0B960AFC8CB909DEFE1A900760204087F51EE223E75DF80B9115C238162A7B879B07C13E3EDB1966B8CFABFA6F65557F764C8DEA500A1327D0BC582D40693E79C2E01E3D568071651E169DF02EB560D909253E72203C3E2D0A8450E48125FFC4B480245FD00B1E40517D0D8F7D9EF2A8B4B0DF534ADD216B9E97E6416B8A7BC0D6E02C9779AC71EA0BD4C22AA716FB5809ED73D4A299D07EDD1B534E49C118E6F391525F7BF87E6C10C6B2EA9AABED646EF97A2FD923B7A21F8A7DF684459FB15580D1EF7B284560164D2F296AB29D8748110001D634C2A3B2A2A231BE840BC3BCE65F8A1594B9E9A55C189E9FACCE2E1150D2502F81A8D3C487C8831EC0B86AA1BDD1450810056E79998D612CAB6210A7DACB00FC5904B60C79AA3AEE663C7470F181B814834DF04193DB6F620FB31654CB6ECFAC3A21E56310674C901C78636E0E9F4689AF636AA2C08097371DA006092BF3731FCF2405CD152783D85FDF86E2CF767D3388987E619426283A3DCE7F1F5F978FCD6A31C14A3BEBDB5C5CFBAC6E6BBAC4E2903C31FD84B2BD4DD263327E374CCAFA72B6169A2F92E0E56B8367B911ADCB3C5B27F5357B1F4AF23A287B19D46BEC727A9D2A204A969D5C858927FDC27EB32C3B9AE126A4DED5F4218974355D4A9A6D27A7BC3555968B765B73BEBCF959566873442A1CDDFC9A36F1185D85AB284BEE505935EFDB2E4F8F4F4E978B8B3489CA26219226F3BD91AF7973CAEE3B7949B2FBD07AB3929BFBE708122865B916322ED437812FB419726E8FF4C23149F6877AF9B6CD455609A1B2F5395ECF3772C5B779B31F51113F90900EF975DEE14FEF42B0FD81F3697822EC7FDB448FFFEE0D8F19DF06445FF681DA6E5938FE29971B7EC8D6E8F17CF9DF75AB378B0F7FFBCE1ABE587C2EF0847AB3385EFC4FCFF7874171065E70F5126BF898C35DBC7918238A39D08D0337BA961EEC709ECE0E08742D07214033F79ABED7284E36E4E4EFBAC0FFD52F962F4F5E63B2E3F51217FB3F1D1F620A39CBF010D91D22B313C9EA482A999EC807862A1FCD7374E905A93B8EEF0F899DC4075FD434A7F1A1B9241CCCF7A74117E419184196981718EE388B70BBE17425A4B30ED2DFA2EDA4820C3B019B06E29A1E9E0252029746827F3512FC6705FA5B52A06D5453683557073AF547AB09733221D563BA33C792612755DFBB3E8B0E9FDD76DFCF9D9CEACE735B7EF4AE2EFBDAD3B61B71E191A2ABE95E05C3AE127210D3071ACBCC0B018CCF9D1B084F4EC50BE1C7F017D0A17BCA2E15CBAF5FD6F0B0F7D4E3E83B9A1730D24E5DE38FF6A39D020022A1BA62B8EB365DAEA0A37A83D2031D349C569C9FADEB49ACEBD136AC2C4BF1793BF0BC1DD827BBBBC9661CCB213B709F31A94317C81C7453F8865441BBCA171A8FA8F435C6B38B9954B71A64A28435A9439A26CED2614C097493913EA231B244B0E4C200FB6EBD49D10B94C58C180413301D7AC1D4AEBEFD88E7B2E2BA03B22CB84E63D3AFB7BD46E7B0C6F6A3BF7D5D75F518A95EB67ECE2778C57369AE5BE07B4EC650EEB4311D5F03DC79FDB8D364201AAC89D3577FE80594CB986BA0DF26FEE68E987F18827762F661008842F66158784148A8A619F687A5C92B842D1797C1CAF984FD51D32410F6B7B2BBD4417962D82679DBB2FEFC62F1A1FC9625BFEE70C1574C0D32D5E19935C8E96C4AE43B605BAC49FEF153B24DAB810E54964318624DE69208BDC1F510014D169E9B085892EE342DAE4D49759AFAFA742EBBA0499899F6FBA7AFFD57197E1481614F24C33DC444CDE17193122825CFF975753BBB679BF82DC27E1D37ADC6E096364FCF8D4D606A9E9DFCFA83D50371B8BB8638BF9A2918CA73A6F69DA57BB89CF7B3A8080166B0A8E05C3AAF68322073CE39A48CB51F912F438F1C871A5BAA0F360C0BD5BC3837D6E9B3E1EC2CD304358666159F5EB7B77A136210974F25450A58DE69D73CA5DEA2283CF78EF1DCA55542C23770F7E4EC4766F6E78C38DE2AB4B8889BDCA6CBA88CA3B54A1C925F66C3A17B4D5D834B5728E2F43BA52B2C78A820F210119F49591551A226325E17491627DB2895E92055D40AF485E10EE6B315032D97BC455B94114985C63DBC6FD685447D1B4D84E43CB38C39BE6BAF79825EE02BC4CF272C635E7C36DDAD36B68C99FB9E40C6C8127618BAAB8E4EE4FB6F3E3C191D05BC87B0877A894635E99E6AE6F94523AE0496B5DF9E9CC4C0B7D87B04948D232FC6EE261017161161131817768D242A5DBC088F00F7751CA1716621789980B3B898EEE1F6E970028191C2332C62230773F00C54CA9E9CDE3186B200CC9D4AF1EC8F0069AEACDC6F09920EC5046192CB9E8C5C592F05F5F0E8CF2166BA3B2D0F44CC9A8337BD98D1B2A72766D0ADA17B2E669A7BF40E44CAEA1301BD9035454F4FC680BB0AF75CC45AB78441CEBC5C4DC74747270A3383C8EC013B8CFAC8E5ECFE22F1463888A1ED5D063C23D9372FD198D296869F2E060FC9A632A59DEEBB9B80FDF47CDDEE316C8FFF79D6B16F93FAA19D7C96812408BED6D823CAC14B82BC3C95C62E27941E2AC5FB2C3D1E1AEC6065C747DFCD2D3AAD020C6D993C19F199C382F111A0D92D972E28E9BBE65D3A65BF02EC5574FB9427BA6F325EB6BE0F5B26E86D84291512BD2E587B77572F7530AE42E2AE7C16D1A0054FC4AEB6DC46EFD96D7069922E5F6E15947C51B2224EF4E26DE91C78B9E882961433B7B96CF97CB9BE25D2D7043E75A5CAB64BDF43B778823D75554C3D72ABB7AD6F439FE6BE3CFA605350E98295E87A60E6AB0D7EB3575580379F7590E92CB4816D4FD155C86D891678FB5CBB0D3E77ECA9F4C095E9FA60C5F65E14C78ED29752432B5AE5F613AA9A15DD4A38F9E84425A05CC3DC253D5872EF97FAD20DFDD21AE67EE949837BBF8D9960E8B6A960EEB5713CDB3A65FB34A53756A2EB86BD2BE43628E3806C83711B88B832422AA27D1A01D6136E93BA0EF9557B693EEBA037AF76C860C59BFFADC1AA0BAE3EA0D1015F0FE06B61C38297196D4B59DD0B10BA42D9E21187EB400A38A652430AC7004C60F7C90D041AC0ACA41043FF34C337C40606E23EBF40762F8A04189A10A1A61B1A1CC22622282EB50D8EEDB7190626C7526986660CB7F2475268A158067533EEEBE001EA637F34C3740812125007CC0DED13F17370168859711939F4206BF0A1EBCD27ED7BACE109D2DA3C7682806F8B8E4710C1AED33E2D1A9E20D48AB1D3037A786F3C72F0D699EE61CDF0C4E0777D768A405EE4402BF90082F62085F448973A7AC399ADDE4BC5A1CBBECDA01295C346CDD8CC0792FA43250E53F6CDC12E73326F060CB3732BC0C3D49F9C0519A607F70708A9799EDA4E7902CDCF7187AA1C34E8EC4FE36104781CA168549D369D4D276B5DE230970DAEF3206A49B77F571F1B751FB6F2681E2B3B5B351B74FA01FF541EC73B5B7DD965E49EA1E6D75B5426F71D08F2F05F8662C14FCCEA7CC8EEF2D6632D61D456912F554455B48EAAE8A2A892BB28AE7031B96228C9EE978BFA361772D1D52D5A7FC83EEFAAEDAEC243469BDB54B80885B8BD4DFD9FAD149CCF3E6FC9AF32C410309A09B99AE973F6975D92AE19DEEF3549BB0008E24FA709CC8497154964BEFFC9207DCA334740947CEC18E02BDA6C530CACFC9CDD443F501FDCF0ACFB486ED1FBD9DD0C0301B1334224FBD9DB24BA2FA24D496174EDF14F2CC3EBCDE39FFE09445671D66A370100, N'6.1.3-40302')
SET IDENTITY_INSERT [dbo].[Analisis] ON 

INSERT [dbo].[Analisis] ([AnalisisId], [Nombre], [Descripcion], [Requisitos], [Estatus], [EstudioId]) VALUES (1, N'Logoaudiometria', N'Prueba en la que se utilizan palabras para determinar la funcionalidad del sistema auditivo. ', N'- El paciente no debe tener cuadro de Infección de vías respiratorias superiores.
- Otitis media aguda durante la realización de la prueba, ya que puede alterar el resultado del estudio.', N'Act', 1)
INSERT [dbo].[Analisis] ([AnalisisId], [Nombre], [Descripcion], [Requisitos], [Estatus], [EstudioId]) VALUES (2, N'Ecocardiograma transtoracico', N'Prueba diagnóstica fundamental porque ofrece una imagen en movimiento del corazón. Mediante ultrasonidos, la ecocardiografía aporta información acerca de la forma, tamaño, función, fuerza del corazón, movimiento y grosor de sus paredes y el funcionamiento de sus válvulas.', N'El paciente deberá acudir al estudio aseado (baño diario) y sin colocación de cremas corporales.
El paciente deberá acudir con ropa cómoda, ya que deberá descubrirse el pecho para la toma del estudio.
De ser posible, el paciente deberá ´resentar receta o resumen clínico del médico tratante donde indique la realización del estudio.', N'Act', 2)
INSERT [dbo].[Analisis] ([AnalisisId], [Nombre], [Descripcion], [Requisitos], [Estatus], [EstudioId]) VALUES (3, N'Electrocardiograma en esfuerzo', N'Electrocardiograma en esfuerzo', N'El paciente deberá ir en ayuno de 3 a 4 hrs., la ingesta de agua natural es libre de horario.
El paciente no deberá fumar al menos 3 horas previas al estudio.
El paciente no deberá realizar actividad física intensa 12 horas previas al estudio.
El paciente deberá acudir al estudio aseado (baño diario) y sin colocación de cremas corporales.', N'Act', 2)
INSERT [dbo].[Analisis] ([AnalisisId], [Nombre], [Descripcion], [Requisitos], [Estatus], [EstudioId]) VALUES (4, N'Electrocardiograma en reposo', N'Electrocardiograma en reposo', N'El paciente deberá acudir al estudio aseado (baño diario) y sin colocación de cremas corporales.
El paciente deberá acudir con ropa cómoda, ya que deberá descubrirse el pecho para l toma del estudio.
Únicamente se permitirá el cceso al pciente par la realización del esudio.', N'Act', 2)
INSERT [dbo].[Analisis] ([AnalisisId], [Nombre], [Descripcion], [Requisitos], [Estatus], [EstudioId]) VALUES (5, N'Holter cardiaco', N'Holter cardiaco', N'EL ESTUDIO SÓLO PODRÁ REALIZARSE A PACIENTES MAYORES DE 12 AÑOS.
EL PACIENTE DEBERÁ ACUDIR AL ESTUDIO ASEADO (BAÑO DIARIO) Y SIN COLOCACIÓN DE CREMAS CORPORALES.
EL PACIENTE DEBERÁ ACUDIR CON ROPA CÓMODA, YA QUE DEBERÁ DESCUBRIRSE EL PECHO PARA LA TOMA DEL ESTUDIO.', N'Act', 2)
INSERT [dbo].[Analisis] ([AnalisisId], [Nombre], [Descripcion], [Requisitos], [Estatus], [EstudioId]) VALUES (6, N'Densitometria 1 region', N'Densitometria 1 region', N'1. No ingerir suplementos con calcio durante al menos 24 horas antes del examen, su estudio puede verse alterado en los valores, sin ser una contraindicación.
2. Presentarse con ropa tipo pans y suelta, evitando que tengan cierres, cinturones o botones de metal.
3. Evitar llevar joyas y cualquier objeto de metal que pueda interferir con la imagen de rayos x.', N'Act', 4)
INSERT [dbo].[Analisis] ([AnalisisId], [Nombre], [Descripcion], [Requisitos], [Estatus], [EstudioId]) VALUES (7, N'Densitometria 3 regiones', N'Densitometria 3 regiones', N'1. No ingerir suplementos con calcio durante al menos 24 horas antes del examen, su estudio puede verse alterado en los valores, sin ser una contraindicación.
2. Presentarse con ropa tipo pans y suelta, evitando que tengan cierres, cinturones o botones de metal.
3. Evitar llevar joyas y cualquier objeto de metal que pueda interferir con la imagen de rayos x.', N'Act', 4)
INSERT [dbo].[Analisis] ([AnalisisId], [Nombre], [Descripcion], [Requisitos], [Estatus], [EstudioId]) VALUES (8, N'Densitometria de cuerpo completo', N'Densitometria de cuerpo completo', N'No ingerir suplementos con calcio durante al menos 24 horas antes del examen, su estudio puede verse alterado en los valores, sin ser una contraindicación, solo hay que anotarlo en observaciones.', N'Act', 4)
INSERT [dbo].[Analisis] ([AnalisisId], [Nombre], [Descripcion], [Requisitos], [Estatus], [EstudioId]) VALUES (9, N'Endoscopia colonoscopia', N'Endoscopia colonoscopia', N'1. Deberá de ingerir sólo líquidos claros durante todo el día (desde el amanecer) té, jugo transparente, gelatina de agua (no de color rojo); no néctar, no jugos crudos o licuados, no lácteos o derivados
2.Podrá ingerir consomé hasta las 22hrs. Después ayuno completo.', N'Act', 5)
INSERT [dbo].[Analisis] ([AnalisisId], [Nombre], [Descripcion], [Requisitos], [Estatus], [EstudioId]) VALUES (10, N'Phmetria', N'Phmetria', N'1.- CINCO días antes del estudio suspender medicamentos del área de gastroenterología (omeprazol y sus derivados, unival, unamol, riopan, pemix, melox, pepsane).
2.- El dia del estudio no ingerir ningún tipo de medicamento.
3.- Presentarse con 8 o 10 hrs. de ayuno
4.- Ropa cómoda', N'Act', 5)
INSERT [dbo].[Analisis] ([AnalisisId], [Nombre], [Descripcion], [Requisitos], [Estatus], [EstudioId]) VALUES (11, N'Espirometria con broncodilatador', N'Espirometria con broncodilatador', N'1.- Preescrito por el médico tratante. 
2.- Inhalados como Ventolin o Combivent, ya que son medicamentos que tienen un efecto broncodilatador inmediato. 
3.- Nosotros no limitados los medicamentos, más son los que la Especialista - Neumóloga considera más seguros y confiables para usar dentro de las instalaciones de LMP. ', N'Act', 6)
INSERT [dbo].[Analisis] ([AnalisisId], [Nombre], [Descripcion], [Requisitos], [Estatus], [EstudioId]) VALUES (12, N'Mastografia', N'Mastografia', N'1. Verificar que la paciente sea mayor de 35 años, si es menor tendrá que presentar receta ORIGINAL que debe incluir: Nombre del medico, nombre de la paciente, cedula profesional, firma del medico y fecha.
2. Aseo general (baño).
3. No aplicar ninguna sustancia sobre la piel de la cintura hacia arriba (desodorante, crema, talco, perfume, pomadas, etc.)', N'Act', 7)
INSERT [dbo].[Analisis] ([AnalisisId], [Nombre], [Descripcion], [Requisitos], [Estatus], [EstudioId]) VALUES (13, N'Cono de compresion para mastografia', N'Cono de compresion para mastografia', N'1. Verificar que la paciente sea mayor de 35 años, si es menor tendrá que presentar receta ORIGINAL que debe incluir: Nombre del medico, nombre de la paciente, cedula profesional, firma del medico y fecha.
2. Aseo general (baño).
3. No aplicar ninguna substancia sobre la piel de la cintura hacia arriba (desodorante, crema, talco, perfume, pomadas, etc.)
4. La depilación axilar es opcional.', N'Act', 7)
INSERT [dbo].[Analisis] ([AnalisisId], [Nombre], [Descripcion], [Requisitos], [Estatus], [EstudioId]) VALUES (14, N'Perfil biofisico', N'Perfil biofisico', N'Ningúno', N'Act', 9)
INSERT [dbo].[Analisis] ([AnalisisId], [Nombre], [Descripcion], [Requisitos], [Estatus], [EstudioId]) VALUES (15, N'Ultrasonido cuello', N'Ultrasonido cuello', N'Ningúno', N'Act', 9)
INSERT [dbo].[Analisis] ([AnalisisId], [Nombre], [Descripcion], [Requisitos], [Estatus], [EstudioId]) VALUES (16, N'Ultrasonido obstetrico', N'Ultrasonido obstetrico
', N'Ninguno', N'Act', 9)
INSERT [dbo].[Analisis] ([AnalisisId], [Nombre], [Descripcion], [Requisitos], [Estatus], [EstudioId]) VALUES (17, N'Ultrasonido pared abdominal', N'Ultrasonido pared abdominal', N'Ningúno', N'Act', 9)
INSERT [dbo].[Analisis] ([AnalisisId], [Nombre], [Descripcion], [Requisitos], [Estatus], [EstudioId]) VALUES (18, N'Tc craneo con contraste', N'Tc craneo con contraste', N'Ninguno', N'Act', 10)
INSERT [dbo].[Analisis] ([AnalisisId], [Nombre], [Descripcion], [Requisitos], [Estatus], [EstudioId]) VALUES (19, N'Tc craneo simple', N'Tc craneo simple', N'Ninguno', N'Act', 10)
INSERT [dbo].[Analisis] ([AnalisisId], [Nombre], [Descripcion], [Requisitos], [Estatus], [EstudioId]) VALUES (20, N'Tc cuello simple', N'Tc cuello simple', N'Ninguno', N'Act', 10)
INSERT [dbo].[Analisis] ([AnalisisId], [Nombre], [Descripcion], [Requisitos], [Estatus], [EstudioId]) VALUES (21, N'Tc extremidad con contraste', N'Tc extremidad con contraste', N'Ninguno', N'Act', 10)
INSERT [dbo].[Analisis] ([AnalisisId], [Nombre], [Descripcion], [Requisitos], [Estatus], [EstudioId]) VALUES (22, N'Tc extremidad simple', N'Tc extremidad simple', N'Ninguno', N'Act', 10)
SET IDENTITY_INSERT [dbo].[Analisis] OFF
SET IDENTITY_INSERT [dbo].[AnalisisSucursales] ON 

INSERT [dbo].[AnalisisSucursales] ([AnalisisSucursalId], [SucursalId], [AnalisisId], [Costo], [Estatus]) VALUES (1, 1, 1, CAST(150.00 AS Decimal(18, 2)), N'Act')
INSERT [dbo].[AnalisisSucursales] ([AnalisisSucursalId], [SucursalId], [AnalisisId], [Costo], [Estatus]) VALUES (3, 1, 2, CAST(200.00 AS Decimal(18, 2)), N'Act')
INSERT [dbo].[AnalisisSucursales] ([AnalisisSucursalId], [SucursalId], [AnalisisId], [Costo], [Estatus]) VALUES (4, 2, 3, CAST(500.00 AS Decimal(18, 2)), N'Act')
INSERT [dbo].[AnalisisSucursales] ([AnalisisSucursalId], [SucursalId], [AnalisisId], [Costo], [Estatus]) VALUES (5, 2, 4, CAST(500.00 AS Decimal(18, 2)), N'Act')
INSERT [dbo].[AnalisisSucursales] ([AnalisisSucursalId], [SucursalId], [AnalisisId], [Costo], [Estatus]) VALUES (6, 3, 5, CAST(600.00 AS Decimal(18, 2)), N'Act')
INSERT [dbo].[AnalisisSucursales] ([AnalisisSucursalId], [SucursalId], [AnalisisId], [Costo], [Estatus]) VALUES (7, 3, 6, CAST(600.00 AS Decimal(18, 2)), N'Act')
INSERT [dbo].[AnalisisSucursales] ([AnalisisSucursalId], [SucursalId], [AnalisisId], [Costo], [Estatus]) VALUES (8, 4, 7, CAST(800.00 AS Decimal(18, 2)), N'Act')
INSERT [dbo].[AnalisisSucursales] ([AnalisisSucursalId], [SucursalId], [AnalisisId], [Costo], [Estatus]) VALUES (9, 4, 7, CAST(800.00 AS Decimal(18, 2)), N'Act')
INSERT [dbo].[AnalisisSucursales] ([AnalisisSucursalId], [SucursalId], [AnalisisId], [Costo], [Estatus]) VALUES (10, 4, 8, CAST(1000.00 AS Decimal(18, 2)), N'Act')
INSERT [dbo].[AnalisisSucursales] ([AnalisisSucursalId], [SucursalId], [AnalisisId], [Costo], [Estatus]) VALUES (11, 5, 9, CAST(900.00 AS Decimal(18, 2)), N'Act')
INSERT [dbo].[AnalisisSucursales] ([AnalisisSucursalId], [SucursalId], [AnalisisId], [Costo], [Estatus]) VALUES (13, 5, 10, CAST(800.00 AS Decimal(18, 2)), N'Act')
INSERT [dbo].[AnalisisSucursales] ([AnalisisSucursalId], [SucursalId], [AnalisisId], [Costo], [Estatus]) VALUES (14, 6, 11, CAST(1000.00 AS Decimal(18, 2)), N'Act')
INSERT [dbo].[AnalisisSucursales] ([AnalisisSucursalId], [SucursalId], [AnalisisId], [Costo], [Estatus]) VALUES (15, 6, 12, CAST(500.00 AS Decimal(18, 2)), N'Act')
INSERT [dbo].[AnalisisSucursales] ([AnalisisSucursalId], [SucursalId], [AnalisisId], [Costo], [Estatus]) VALUES (16, 7, 13, CAST(600.00 AS Decimal(18, 2)), N'Act')
INSERT [dbo].[AnalisisSucursales] ([AnalisisSucursalId], [SucursalId], [AnalisisId], [Costo], [Estatus]) VALUES (17, 7, 14, CAST(1500.00 AS Decimal(18, 2)), N'Act')
INSERT [dbo].[AnalisisSucursales] ([AnalisisSucursalId], [SucursalId], [AnalisisId], [Costo], [Estatus]) VALUES (18, 8, 15, CAST(500.00 AS Decimal(18, 2)), N'Act')
INSERT [dbo].[AnalisisSucursales] ([AnalisisSucursalId], [SucursalId], [AnalisisId], [Costo], [Estatus]) VALUES (19, 8, 16, CAST(200.00 AS Decimal(18, 2)), N'Act')
INSERT [dbo].[AnalisisSucursales] ([AnalisisSucursalId], [SucursalId], [AnalisisId], [Costo], [Estatus]) VALUES (20, 9, 17, CAST(500.00 AS Decimal(18, 2)), N'Act')
INSERT [dbo].[AnalisisSucursales] ([AnalisisSucursalId], [SucursalId], [AnalisisId], [Costo], [Estatus]) VALUES (21, 9, 18, CAST(1500.00 AS Decimal(18, 2)), N'Act')
SET IDENTITY_INSERT [dbo].[AnalisisSucursales] OFF
SET IDENTITY_INSERT [dbo].[AspNetRoles] ON 

INSERT [dbo].[AspNetRoles] ([Id], [Name]) VALUES (1, N'Administrador')
INSERT [dbo].[AspNetRoles] ([Id], [Name]) VALUES (2, N'Recepcionista')
SET IDENTITY_INSERT [dbo].[AspNetRoles] OFF
INSERT [dbo].[AspNetUserRoles] ([UserId], [RoleId]) VALUES (1, 1)
INSERT [dbo].[AspNetUserRoles] ([UserId], [RoleId]) VALUES (2, 1)
INSERT [dbo].[AspNetUserRoles] ([UserId], [RoleId]) VALUES (3, 2)
INSERT [dbo].[AspNetUserRoles] ([UserId], [RoleId]) VALUES (4, 2)
INSERT [dbo].[AspNetUserRoles] ([UserId], [RoleId]) VALUES (5, 2)
INSERT [dbo].[AspNetUserRoles] ([UserId], [RoleId]) VALUES (6, 2)
INSERT [dbo].[AspNetUserRoles] ([UserId], [RoleId]) VALUES (7, 2)
INSERT [dbo].[AspNetUserRoles] ([UserId], [RoleId]) VALUES (8, 2)
INSERT [dbo].[AspNetUserRoles] ([UserId], [RoleId]) VALUES (9, 2)
INSERT [dbo].[AspNetUserRoles] ([UserId], [RoleId]) VALUES (10, 2)
INSERT [dbo].[AspNetUserRoles] ([UserId], [RoleId]) VALUES (11, 2)
SET IDENTITY_INSERT [dbo].[AspNetUsers] ON 

INSERT [dbo].[AspNetUsers] ([Id], [Usuario], [Nombre], [ApellidoPaterno], [ApellidoMaterno], [Calle], [NumeroInterior], [NumeroExterior], [Colonia], [DelegacionMunicipio], [CodigoPostal], [Estado], [Edad], [Sexo], [Notas], [SucursalId], [Estatus], [Email], [EmailConfirmed], [PasswordHash], [SecurityStamp], [PhoneNumber], [PhoneNumberConfirmed], [TwoFactorEnabled], [LockoutEndDateUtc], [LockoutEnabled], [AccessFailedCount], [UserName]) VALUES (1, N'Admin1', N'Admin1', N'Admin1', N'Admin1', N'Admin1', 0, 1, N'Admin1', N'Admin1', 55555, N'Admin1', 50, N'M', N'Admin1', 10, N'Act', N'admin1@admin1.com', 0, N'ABhq0pRUEsb7BZvgzZCH0oI6Qk1GWYZMQ1E211AY6SNfGbR2EFQThwRUjTMCFoeELw==', N'9eabdca8-c3e8-47ae-bccc-db74733ac005', NULL, 0, 0, NULL, 1, 0, N'Admin1')
INSERT [dbo].[AspNetUsers] ([Id], [Usuario], [Nombre], [ApellidoPaterno], [ApellidoMaterno], [Calle], [NumeroInterior], [NumeroExterior], [Colonia], [DelegacionMunicipio], [CodigoPostal], [Estado], [Edad], [Sexo], [Notas], [SucursalId], [Estatus], [Email], [EmailConfirmed], [PasswordHash], [SecurityStamp], [PhoneNumber], [PhoneNumberConfirmed], [TwoFactorEnabled], [LockoutEndDateUtc], [LockoutEnabled], [AccessFailedCount], [UserName]) VALUES (2, N'Admin2', N'Admin2', N'Admin2', N'Admin2', N'Admin2', 0, 1, N'Admin2', N'Admin2', 55000, N'Admin2', 40, N'M', N'Admin2', 10, N'Act', N'admin2@admin2.com', 0, N'AHrdY/UNKtuFbeL2bSaOY20DNlbgQ1xiPSiETgbJpKsb0qyjSC5pmIHChLOEeNk5fg==', N'd8c1a0bb-3533-4151-a4fc-72034460824a', NULL, 0, 0, NULL, 1, 0, N'Admin2')
INSERT [dbo].[AspNetUsers] ([Id], [Usuario], [Nombre], [ApellidoPaterno], [ApellidoMaterno], [Calle], [NumeroInterior], [NumeroExterior], [Colonia], [DelegacionMunicipio], [CodigoPostal], [Estado], [Edad], [Sexo], [Notas], [SucursalId], [Estatus], [Email], [EmailConfirmed], [PasswordHash], [SecurityStamp], [PhoneNumber], [PhoneNumberConfirmed], [TwoFactorEnabled], [LockoutEndDateUtc], [LockoutEnabled], [AccessFailedCount], [UserName]) VALUES (3, N'Recepcionista1', N'Recepcionista1', N'Recepcionista1', N'Recepcionista1', N'Recepcionista1', 0, 1, N'Recepcionista1', N'Recepcionista1', 55000, N'Recepcionista1', 30, N'F', N'Recepcionista1', 1, N'Act', N'hola@hola.com', 0, N'AD8Zi3/9BI/0jBEnIVoSB4Hr0HIt2jymE9frLNrOVrOf+//5C7WP9mBf/AkZmuwR3g==', N'5d21650d-d072-4bd1-857a-7d14316559d8', NULL, 0, 0, NULL, 1, 0, N'Recepcionista1')
INSERT [dbo].[AspNetUsers] ([Id], [Usuario], [Nombre], [ApellidoPaterno], [ApellidoMaterno], [Calle], [NumeroInterior], [NumeroExterior], [Colonia], [DelegacionMunicipio], [CodigoPostal], [Estado], [Edad], [Sexo], [Notas], [SucursalId], [Estatus], [Email], [EmailConfirmed], [PasswordHash], [SecurityStamp], [PhoneNumber], [PhoneNumberConfirmed], [TwoFactorEnabled], [LockoutEndDateUtc], [LockoutEnabled], [AccessFailedCount], [UserName]) VALUES (4, N'Recepcionista2', N'Recepcionista2', N'Recepcionista2', N'Recepcionista2', N'Recepcionista2', 0, 1, N'Recepcionista2', N'Recepcionista2', 55000, N'Recepcionista2', 50, N'F', N'Recepcionista2', 2, N'Act', N'hola1@hola1.com', 0, N'AKW6xFFtHV5GXw948VV4JoCZXCKvX2SbwCCSQbHLyFOyz12mPylELtXk9vNSI7oPgQ==', N'100535c6-985a-47ec-a822-c5650c59a5af', NULL, 0, 0, NULL, 1, 0, N'Recepcionista2')
INSERT [dbo].[AspNetUsers] ([Id], [Usuario], [Nombre], [ApellidoPaterno], [ApellidoMaterno], [Calle], [NumeroInterior], [NumeroExterior], [Colonia], [DelegacionMunicipio], [CodigoPostal], [Estado], [Edad], [Sexo], [Notas], [SucursalId], [Estatus], [Email], [EmailConfirmed], [PasswordHash], [SecurityStamp], [PhoneNumber], [PhoneNumberConfirmed], [TwoFactorEnabled], [LockoutEndDateUtc], [LockoutEnabled], [AccessFailedCount], [UserName]) VALUES (5, N'Recepcionista3', N'Recepcionista3', N'Recepcionista3', N'Recepcionista3', N'Recepcionista3', 0, 1, N'Recepcionista3', N'Recepcionista3', 55000, N'Recepcionista3', 30, N'F', N'Recepcionista3', 3, N'Act', N'hola3@hola3.com', 0, N'AFKk+DCamIb/nex3bYOQoZaZ/Evulq5AukX4ZIXg8ohv/7Bbw2vz4hwX/VMJ06gH5w==', N'68cda205-133d-48fa-9fc8-8104b7661b28', NULL, 0, 0, NULL, 1, 0, N'Recepcionista3')
INSERT [dbo].[AspNetUsers] ([Id], [Usuario], [Nombre], [ApellidoPaterno], [ApellidoMaterno], [Calle], [NumeroInterior], [NumeroExterior], [Colonia], [DelegacionMunicipio], [CodigoPostal], [Estado], [Edad], [Sexo], [Notas], [SucursalId], [Estatus], [Email], [EmailConfirmed], [PasswordHash], [SecurityStamp], [PhoneNumber], [PhoneNumberConfirmed], [TwoFactorEnabled], [LockoutEndDateUtc], [LockoutEnabled], [AccessFailedCount], [UserName]) VALUES (6, N'Recepcionista4', N'Recepcionista4', N'Recepcionista4', N'Recepcionista4', N'Recepcionista4', 0, 1, N'Recepcionista4', N'Recepcionista4', 55000, N'Recepcionista4', 20, N'M', N'Recepcionista4', 4, N'Act', N'hola4@hola.com', 0, N'AHb8RJBaoojB5A8E8T9AZkHn88lhk9WbstRexJ2DS7/QXQZGEwCzlvQZzRyOI5M3Wg==', N'e1a1c6e6-1abd-4746-91d1-4a1bdaf7c9d4', NULL, 0, 0, NULL, 1, 0, N'Recepcionista4')
INSERT [dbo].[AspNetUsers] ([Id], [Usuario], [Nombre], [ApellidoPaterno], [ApellidoMaterno], [Calle], [NumeroInterior], [NumeroExterior], [Colonia], [DelegacionMunicipio], [CodigoPostal], [Estado], [Edad], [Sexo], [Notas], [SucursalId], [Estatus], [Email], [EmailConfirmed], [PasswordHash], [SecurityStamp], [PhoneNumber], [PhoneNumberConfirmed], [TwoFactorEnabled], [LockoutEndDateUtc], [LockoutEnabled], [AccessFailedCount], [UserName]) VALUES (7, N'Recepcionista5', N'Recepcionista5', N'Recepcionista5', N'Recepcionista5', N'Recepcionista5', 0, 1, N'Recepcionista5', N'Recepcionista5', 55000, N'Recepcionista5', 30, N'F', N'Recepcionista5', 5, N'Act', N'hola5@hola.com', 0, N'AC/Q/nesht3QVLSY1KR+t9GajPVjcXVF5GqwQPiKGBUHFfnav2x91eXnSQEIHOFkhw==', N'e4060ffc-a2b3-4c96-9e12-40374ec7c03e', NULL, 0, 0, NULL, 1, 0, N'Recepcionista5')
INSERT [dbo].[AspNetUsers] ([Id], [Usuario], [Nombre], [ApellidoPaterno], [ApellidoMaterno], [Calle], [NumeroInterior], [NumeroExterior], [Colonia], [DelegacionMunicipio], [CodigoPostal], [Estado], [Edad], [Sexo], [Notas], [SucursalId], [Estatus], [Email], [EmailConfirmed], [PasswordHash], [SecurityStamp], [PhoneNumber], [PhoneNumberConfirmed], [TwoFactorEnabled], [LockoutEndDateUtc], [LockoutEnabled], [AccessFailedCount], [UserName]) VALUES (8, N'Recepcionista6', N'Recepcionista6', N'Recepcionista6', N'Recepcionista6', N'Recepcionista6', 0, 1, N'Recepcionista6', N'Recepcionista6', 55000, N'Recepcionista6', 35, N'M', N'Recepcionista6', 6, N'Act', N'hola6@hola.com', 0, N'AGVeUERImQlqD1i9SxFVF1kKnui8+k5VBrQh9zFz6g9DK5gYSZqawMMSqo5/0cOBmA==', N'eb5dea6f-c007-4084-a375-8a87a380a0ca', NULL, 0, 0, NULL, 1, 0, N'Recepcionista6')
INSERT [dbo].[AspNetUsers] ([Id], [Usuario], [Nombre], [ApellidoPaterno], [ApellidoMaterno], [Calle], [NumeroInterior], [NumeroExterior], [Colonia], [DelegacionMunicipio], [CodigoPostal], [Estado], [Edad], [Sexo], [Notas], [SucursalId], [Estatus], [Email], [EmailConfirmed], [PasswordHash], [SecurityStamp], [PhoneNumber], [PhoneNumberConfirmed], [TwoFactorEnabled], [LockoutEndDateUtc], [LockoutEnabled], [AccessFailedCount], [UserName]) VALUES (9, N'Recepcionista7', N'Recepcionista7', N'Recepcionista7', N'Recepcionista7', N'Recepcionista7', 0, 1, N'Recepcionista7', N'Recepcionista7', 55000, N'Recepcionista7', 40, N'M', N'Recepcionista7', 7, N'Act', N'hola7@hola.com', 0, N'AL96T5xeqOSP643W6I/tenWeGMhHKdXt3AiNC7+btSfMoI07jnIetsB60uHFlIl6mw==', N'2403ba07-8521-4763-a82c-fade6767ef5a', NULL, 0, 0, NULL, 1, 0, N'Recepcionista7')
INSERT [dbo].[AspNetUsers] ([Id], [Usuario], [Nombre], [ApellidoPaterno], [ApellidoMaterno], [Calle], [NumeroInterior], [NumeroExterior], [Colonia], [DelegacionMunicipio], [CodigoPostal], [Estado], [Edad], [Sexo], [Notas], [SucursalId], [Estatus], [Email], [EmailConfirmed], [PasswordHash], [SecurityStamp], [PhoneNumber], [PhoneNumberConfirmed], [TwoFactorEnabled], [LockoutEndDateUtc], [LockoutEnabled], [AccessFailedCount], [UserName]) VALUES (10, N'Recepcionista8', N'Recepcionista8', N'Recepcionista8', N'Recepcionista8', N'Recepcionista8', 0, 1, N'Recepcionista8', N'Recepcionista8', 55000, N'Recepcionista8', 60, N'M', N'Recepcionista8', 8, N'Act', N'hola8@hola.com', 0, N'AJRvdH7JSnIIY9YmuAZ5h31zUKQpBcYNJjeiDASdUlMrQ6vdBQqliNI4TOtlwWm4/Q==', N'0fd661cf-4a1e-45a0-ae6d-ca1405d1bee3', NULL, 0, 0, NULL, 1, 0, N'Recepcionista8')
INSERT [dbo].[AspNetUsers] ([Id], [Usuario], [Nombre], [ApellidoPaterno], [ApellidoMaterno], [Calle], [NumeroInterior], [NumeroExterior], [Colonia], [DelegacionMunicipio], [CodigoPostal], [Estado], [Edad], [Sexo], [Notas], [SucursalId], [Estatus], [Email], [EmailConfirmed], [PasswordHash], [SecurityStamp], [PhoneNumber], [PhoneNumberConfirmed], [TwoFactorEnabled], [LockoutEndDateUtc], [LockoutEnabled], [AccessFailedCount], [UserName]) VALUES (11, N'Recepcionista9', N'Recepcionista9', N'Recepcionista9', N'Recepcionista9', N'Recepcionista9', 0, 1, N'Recepcionista9', N'Recepcionista9', 55000, N'Recepcionista9', 20, N'F', N'Recepcionista9', 9, N'Act', N'hola9@hola.com', 0, N'ACbq1PKyECSlsk1VgHJJFex+HiiZfXAqpzcxf/yLfiaGmA8ubJgCD63JuK0nvsDloQ==', N'6692ad3a-0c12-461d-9e9e-519d6c9a4f1e', NULL, 0, 0, NULL, 1, 0, N'Recepcionista9')
SET IDENTITY_INSERT [dbo].[AspNetUsers] OFF
SET IDENTITY_INSERT [dbo].[Clientes] ON 

INSERT [dbo].[Clientes] ([ClienteId], [Nombre], [ApellidoPaterno], [ApellidoMaterno], [Telefono], [Celular], [Calle], [NumeroInterior], [NumeroExterior], [Colonia], [DelegacionMunicipio], [CodigoPostal], [Sexo], [Peso], [Edad], [Estatus]) VALUES (14, N'Bryar', N'Glenna', N'Lysandra', N'0169715578', N'14071451296', N'9594838 Ac Road', 0, 1, N'L', N'Dublin', 47337, N'S', CAST(117.00 AS Decimal(18, 2)), 23, N'Act')
INSERT [dbo].[Clientes] ([ClienteId], [Nombre], [ApellidoPaterno], [ApellidoMaterno], [Telefono], [Celular], [Calle], [NumeroInterior], [NumeroExterior], [Colonia], [DelegacionMunicipio], [CodigoPostal], [Sexo], [Peso], [Edad], [Estatus]) VALUES (15, N'Cyrus', N'Katelyn', N'Teegan', N'0531617584', N'18127253285', N'3637166 Fringilla, Av.', 0, 1, N'Bremen', N'Bremen', 451611, N'S', CAST(97.00 AS Decimal(18, 2)), 20, N'Act')
INSERT [dbo].[Clientes] ([ClienteId], [Nombre], [ApellidoPaterno], [ApellidoMaterno], [Telefono], [Celular], [Calle], [NumeroInterior], [NumeroExterior], [Colonia], [DelegacionMunicipio], [CodigoPostal], [Sexo], [Peso], [Edad], [Estatus]) VALUES (16, N'Amena', N'Lara', N'Hollee', N'0109865074', N'17677809762', N'P.O. Box 905, 936 Enim. Avenue', 0, 1, N'BD', N'Dunstable', 99553, N'S', CAST(115.00 AS Decimal(18, 2)), 42, N'Act')
INSERT [dbo].[Clientes] ([ClienteId], [Nombre], [ApellidoPaterno], [ApellidoMaterno], [Telefono], [Celular], [Calle], [NumeroInterior], [NumeroExterior], [Colonia], [DelegacionMunicipio], [CodigoPostal], [Sexo], [Peso], [Edad], [Estatus]) VALUES (17, N'Dieter', N'Ruth', N'Neville', N'0453607094', N'13306052437', N'4632 Dictum Street', 0, 1, N'C', N'Galway', 588942, N'S', CAST(81.00 AS Decimal(18, 2)), 44, N'Act')
INSERT [dbo].[Clientes] ([ClienteId], [Nombre], [ApellidoPaterno], [ApellidoMaterno], [Telefono], [Celular], [Calle], [NumeroInterior], [NumeroExterior], [Colonia], [DelegacionMunicipio], [CodigoPostal], [Sexo], [Peso], [Edad], [Estatus]) VALUES (18, N'Amal', N'Olympia', N'Austin', N'0112821091', N'12111005303', N'Ap #9751182 Vulputate, Rd.', 0, 1, N'MP', N'Ujjain', 97800, N'S', CAST(107.00 AS Decimal(18, 2)), 52, N'Act')
INSERT [dbo].[Clientes] ([ClienteId], [Nombre], [ApellidoPaterno], [ApellidoMaterno], [Telefono], [Celular], [Calle], [NumeroInterior], [NumeroExterior], [Colonia], [DelegacionMunicipio], [CodigoPostal], [Sexo], [Peso], [Edad], [Estatus]) VALUES (19, N'Declan', N'Addison', N'Oleg', N'0221039605', N'17207261848', N'6619 Magna. Av.', 0, 1, N'NI', N'Wellington', 94191, N'S', CAST(89.00 AS Decimal(18, 2)), 76, N'Act')
INSERT [dbo].[Clientes] ([ClienteId], [Nombre], [ApellidoPaterno], [ApellidoMaterno], [Telefono], [Celular], [Calle], [NumeroInterior], [NumeroExterior], [Colonia], [DelegacionMunicipio], [CodigoPostal], [Sexo], [Peso], [Edad], [Estatus]) VALUES (20, N'Bruno', N'Ria', N'Kirby', N'0594642537', N'16107264430', N'7926107 Lorem, Ave', 0, 1, N'Metropolitana de Santiago', N'Lo Barnechea', 4427, N'S', CAST(45.00 AS Decimal(18, 2)), 14, N'Act')
INSERT [dbo].[Clientes] ([ClienteId], [Nombre], [ApellidoPaterno], [ApellidoMaterno], [Telefono], [Celular], [Calle], [NumeroInterior], [NumeroExterior], [Colonia], [DelegacionMunicipio], [CodigoPostal], [Sexo], [Peso], [Edad], [Estatus]) VALUES (21, N'Gail', N'Kiara', N'Mark', N'0056235228', N'16107798027', N'P.O. Box 347, 5316 Non, Rd.', 0, 1, N'Bahia', N'Camaçari', 502835, N'S', CAST(81.00 AS Decimal(18, 2)), 64, N'Act')
INSERT [dbo].[Clientes] ([ClienteId], [Nombre], [ApellidoPaterno], [ApellidoMaterno], [Telefono], [Celular], [Calle], [NumeroInterior], [NumeroExterior], [Colonia], [DelegacionMunicipio], [CodigoPostal], [Sexo], [Peso], [Edad], [Estatus]) VALUES (22, N'Leroy', N'Pascale', N'Noah', N'0343649264', N'16109942545', N'Ap #6069448 Mollis Ave', 0, 1, N'Ontario', N'Hearst', 21111, N'S', CAST(114.00 AS Decimal(18, 2)), 25, N'Act')
INSERT [dbo].[Clientes] ([ClienteId], [Nombre], [ApellidoPaterno], [ApellidoMaterno], [Telefono], [Celular], [Calle], [NumeroInterior], [NumeroExterior], [Colonia], [DelegacionMunicipio], [CodigoPostal], [Sexo], [Peso], [Edad], [Estatus]) VALUES (23, N'Kennedy', N'Francis', N'Alfonso', N'0426388811', N'16685355501', N'P.O. Box 617, 5086 Ut Rd.', 0, 1, N'Leicestershire', N'Melton Mowbray', 3146, N'S', CAST(76.00 AS Decimal(18, 2)), 61, N'Act')
INSERT [dbo].[Clientes] ([ClienteId], [Nombre], [ApellidoPaterno], [ApellidoMaterno], [Telefono], [Celular], [Calle], [NumeroInterior], [NumeroExterior], [Colonia], [DelegacionMunicipio], [CodigoPostal], [Sexo], [Peso], [Edad], [Estatus]) VALUES (31, N'Myra', N'Rogan', N'Katell', N'0470167074', N'18615543648', N'4450 Sodales Rd.', 0, 1, N'Leinster', N'Dublin', 6884, N'S', CAST(97.00 AS Decimal(18, 2)), 71, N'Act')
INSERT [dbo].[Clientes] ([ClienteId], [Nombre], [ApellidoPaterno], [ApellidoMaterno], [Telefono], [Celular], [Calle], [NumeroInterior], [NumeroExterior], [Colonia], [DelegacionMunicipio], [CodigoPostal], [Sexo], [Peso], [Edad], [Estatus]) VALUES (32, N'Sylvia', N'Barbara', N'Shaeleigh', N'0259995584', N'17098640174', N'1685194 Eu Avenue', 0, 1, N'Georgia', N'Georgia', 4241, N'S', CAST(42.00 AS Decimal(18, 2)), 38, N'Act')
INSERT [dbo].[Clientes] ([ClienteId], [Nombre], [ApellidoPaterno], [ApellidoMaterno], [Telefono], [Celular], [Calle], [NumeroInterior], [NumeroExterior], [Colonia], [DelegacionMunicipio], [CodigoPostal], [Sexo], [Peso], [Edad], [Estatus]) VALUES (33, N'Moses', N'Heather', N'Rhoda', N'0302986380', N'12904813208', N'P.O. Box 564, 4406 Orci Road', 0, 1, N'Ulster', N'Belfast', 33943, N'S', CAST(101.00 AS Decimal(18, 2)), 38, N'Act')
INSERT [dbo].[Clientes] ([ClienteId], [Nombre], [ApellidoPaterno], [ApellidoMaterno], [Telefono], [Celular], [Calle], [NumeroInterior], [NumeroExterior], [Colonia], [DelegacionMunicipio], [CodigoPostal], [Sexo], [Peso], [Edad], [Estatus]) VALUES (34, N'Oliver', N'Vance', N'Leigh', N'0183329217', N'13379843775', N'1945 Tristique Street', 0, 1, N'Metropolitana de Santiago', N'Pedro Aguirre Cerda', 50402, N'S', CAST(47.00 AS Decimal(18, 2)), 70, N'Act')
INSERT [dbo].[Clientes] ([ClienteId], [Nombre], [ApellidoPaterno], [ApellidoMaterno], [Telefono], [Celular], [Calle], [NumeroInterior], [NumeroExterior], [Colonia], [DelegacionMunicipio], [CodigoPostal], [Sexo], [Peso], [Edad], [Estatus]) VALUES (35, N'Keely', N'Brendan', N'Brendan', N'0258453663', N'17721647770', N'P.O. Box 928, 4429 Nascetur Ave', 0, 1, N'Z.', N'Spijkenisse', 51509, N'S', CAST(73.00 AS Decimal(18, 2)), 58, N'Act')
INSERT [dbo].[Clientes] ([ClienteId], [Nombre], [ApellidoPaterno], [ApellidoMaterno], [Telefono], [Celular], [Calle], [NumeroInterior], [NumeroExterior], [Colonia], [DelegacionMunicipio], [CodigoPostal], [Sexo], [Peso], [Edad], [Estatus]) VALUES (36, N'Naomi', N'Ashton', N'Abbot', N'0956440333', N'18965504810', N'Ap #780621 Cras Rd.', 0, 1, N'Mississippi', N'Southaven', 9540, N'S', CAST(94.00 AS Decimal(18, 2)), 38, N'Act')
INSERT [dbo].[Clientes] ([ClienteId], [Nombre], [ApellidoPaterno], [ApellidoMaterno], [Telefono], [Celular], [Calle], [NumeroInterior], [NumeroExterior], [Colonia], [DelegacionMunicipio], [CodigoPostal], [Sexo], [Peso], [Edad], [Estatus]) VALUES (37, N'Basil', N'Zachary', N'Raymond', N'0662146309', N'16023167565', N'9985970 Torquent Ave', 0, 1, N'Lagos', N'Lagos', 11863, N'S', CAST(87.00 AS Decimal(18, 2)), 53, N'Act')
INSERT [dbo].[Clientes] ([ClienteId], [Nombre], [ApellidoPaterno], [ApellidoMaterno], [Telefono], [Celular], [Calle], [NumeroInterior], [NumeroExterior], [Colonia], [DelegacionMunicipio], [CodigoPostal], [Sexo], [Peso], [Edad], [Estatus]) VALUES (38, N'Hasad', N'Deanna', N'Britanni', N'0559281307', N'16584853467', N'P.O. Box 546, 1555 Nullam Rd.', 0, 1, N'Lagos', N'Lagos', 966300, N'S', CAST(83.00 AS Decimal(18, 2)), 78, N'Act')
INSERT [dbo].[Clientes] ([ClienteId], [Nombre], [ApellidoPaterno], [ApellidoMaterno], [Telefono], [Celular], [Calle], [NumeroInterior], [NumeroExterior], [Colonia], [DelegacionMunicipio], [CodigoPostal], [Sexo], [Peso], [Edad], [Estatus]) VALUES (39, N'Calista', N'Jonah', N'Murphy', N'0235062045', N'17935069412', N'Ap #9732033 Integer St.', 0, 1, N'Antwerpen', N'Vorst', 71060, N'S', CAST(117.00 AS Decimal(18, 2)), 17, N'Act')
INSERT [dbo].[Clientes] ([ClienteId], [Nombre], [ApellidoPaterno], [ApellidoMaterno], [Telefono], [Celular], [Calle], [NumeroInterior], [NumeroExterior], [Colonia], [DelegacionMunicipio], [CodigoPostal], [Sexo], [Peso], [Edad], [Estatus]) VALUES (40, N'Keaton', N'Oliver', N'Nathan', N'0709367181', N'15379995666', N'P.O. Box 524, 732 Faucibus St.', 0, 1, N'AB', N'Södertälje', 88654, N'S', CAST(114.00 AS Decimal(18, 2)), 51, N'Act')
INSERT [dbo].[Clientes] ([ClienteId], [Nombre], [ApellidoPaterno], [ApellidoMaterno], [Telefono], [Celular], [Calle], [NumeroInterior], [NumeroExterior], [Colonia], [DelegacionMunicipio], [CodigoPostal], [Sexo], [Peso], [Edad], [Estatus]) VALUES (41, N'Christopher', N'Kennan', N'Martin', N'0065702797', N'19962300917', N'7839 Arcu St.', 0, 1, N'XIV', N'O''Higgins', 7598, N'S', CAST(96.00 AS Decimal(18, 2)), 16, N'Act')
INSERT [dbo].[Clientes] ([ClienteId], [Nombre], [ApellidoPaterno], [ApellidoMaterno], [Telefono], [Celular], [Calle], [NumeroInterior], [NumeroExterior], [Colonia], [DelegacionMunicipio], [CodigoPostal], [Sexo], [Peso], [Edad], [Estatus]) VALUES (42, N'Zane', N'Grace', N'Richard', N'0317894462', N'14415257124', N'9757011 A, Street', 0, 1, N'Zeeland', N'Sluis', 9621, N'S', CAST(72.00 AS Decimal(18, 2)), 10, N'Act')
INSERT [dbo].[Clientes] ([ClienteId], [Nombre], [ApellidoPaterno], [ApellidoMaterno], [Telefono], [Celular], [Calle], [NumeroInterior], [NumeroExterior], [Colonia], [DelegacionMunicipio], [CodigoPostal], [Sexo], [Peso], [Edad], [Estatus]) VALUES (43, N'Edan', N'Cherokee', N'Henry', N'0556212899', N'17385661363', N'3862 Orci Rd.', 0, 1, N'HB', N'Bremen', 948805, N'S', CAST(103.00 AS Decimal(18, 2)), 65, N'Act')
INSERT [dbo].[Clientes] ([ClienteId], [Nombre], [ApellidoPaterno], [ApellidoMaterno], [Telefono], [Celular], [Calle], [NumeroInterior], [NumeroExterior], [Colonia], [DelegacionMunicipio], [CodigoPostal], [Sexo], [Peso], [Edad], [Estatus]) VALUES (44, N'Raymond', N'Mona', N'Buckminster', N'0139999347', N'16358535360', N'P.O. Box 157, 9879 Sed Rd.', 0, 1, N'Madrid', N'Parla', 66161434, N'S', CAST(51.00 AS Decimal(18, 2)), 41, N'Act')
INSERT [dbo].[Clientes] ([ClienteId], [Nombre], [ApellidoPaterno], [ApellidoMaterno], [Telefono], [Celular], [Calle], [NumeroInterior], [NumeroExterior], [Colonia], [DelegacionMunicipio], [CodigoPostal], [Sexo], [Peso], [Edad], [Estatus]) VALUES (45, N'Rachel', N'Keane', N'Harper', N'0105672139', N'16124390013', N'1684489 Ut Av.', 0, 1, N'Zl', N'Terneuzen', 2640, N'S', CAST(72.00 AS Decimal(18, 2)), 70, N'Act')
INSERT [dbo].[Clientes] ([ClienteId], [Nombre], [ApellidoPaterno], [ApellidoMaterno], [Telefono], [Celular], [Calle], [NumeroInterior], [NumeroExterior], [Colonia], [DelegacionMunicipio], [CodigoPostal], [Sexo], [Peso], [Edad], [Estatus]) VALUES (46, N'Barry', N'Victor', N'Solomon', N'0349676196', N'15949344026', N'Ap #8923812 Cursus. St.', 0, 1, N'NW', N'Remscheid', 521603, N'S', CAST(119.00 AS Decimal(18, 2)), 50, N'Act')
INSERT [dbo].[Clientes] ([ClienteId], [Nombre], [ApellidoPaterno], [ApellidoMaterno], [Telefono], [Celular], [Calle], [NumeroInterior], [NumeroExterior], [Colonia], [DelegacionMunicipio], [CodigoPostal], [Sexo], [Peso], [Edad], [Estatus]) VALUES (47, N'Vernon', N'Cassady', N'Geraldine', N'0003467418', N'15662497287', N'P.O. Box 952, 6949 Feugiat Rd.', 0, 1, N'WestVlaanderen', N'Hertsberge', 890159, N'S', CAST(70.00 AS Decimal(18, 2)), 80, N'Act')
INSERT [dbo].[Clientes] ([ClienteId], [Nombre], [ApellidoPaterno], [ApellidoMaterno], [Telefono], [Celular], [Calle], [NumeroInterior], [NumeroExterior], [Colonia], [DelegacionMunicipio], [CodigoPostal], [Sexo], [Peso], [Edad], [Estatus]) VALUES (48, N'Kyle', N'Castor', N'Yoshi', N'0099824709', N'19969102125', N'9624 Neque Avenue', 0, 1, N'RM', N'Renca', 625038, N'S', CAST(111.00 AS Decimal(18, 2)), 61, N'Act')
INSERT [dbo].[Clientes] ([ClienteId], [Nombre], [ApellidoPaterno], [ApellidoMaterno], [Telefono], [Celular], [Calle], [NumeroInterior], [NumeroExterior], [Colonia], [DelegacionMunicipio], [CodigoPostal], [Sexo], [Peso], [Edad], [Estatus]) VALUES (49, N'Jesse', N'Carolyn', N'Byron', N'0904216110', N'11474650216', N'3138237 Eu Rd.', 0, 1, N'RP', N'Bad Dürkheim', 68992, N'S', CAST(55.00 AS Decimal(18, 2)), 79, N'Act')
INSERT [dbo].[Clientes] ([ClienteId], [Nombre], [ApellidoPaterno], [ApellidoMaterno], [Telefono], [Celular], [Calle], [NumeroInterior], [NumeroExterior], [Colonia], [DelegacionMunicipio], [CodigoPostal], [Sexo], [Peso], [Edad], [Estatus]) VALUES (50, N'Buckminster', N'Frances', N'Lunea', N'0706447636', N'17884844083', N'P.O. Box 562, 733 Dolor Rd.', 0, 1, N'Berlin', N'Berlin', 81236, N'S', CAST(105.00 AS Decimal(18, 2)), 66, N'Act')
INSERT [dbo].[Clientes] ([ClienteId], [Nombre], [ApellidoPaterno], [ApellidoMaterno], [Telefono], [Celular], [Calle], [NumeroInterior], [NumeroExterior], [Colonia], [DelegacionMunicipio], [CodigoPostal], [Sexo], [Peso], [Edad], [Estatus]) VALUES (51, N'Harper', N'Zena', N'Kerry', N'0861383967', N'17586270338', N'3668835 Tempor Av.', 0, 1, N'W', N'Avesta', 2130, N'S', CAST(104.00 AS Decimal(18, 2)), 62, N'Act')
INSERT [dbo].[Clientes] ([ClienteId], [Nombre], [ApellidoPaterno], [ApellidoMaterno], [Telefono], [Celular], [Calle], [NumeroInterior], [NumeroExterior], [Colonia], [DelegacionMunicipio], [CodigoPostal], [Sexo], [Peso], [Edad], [Estatus]) VALUES (52, N'Aiko', N'Idola', N'Elaine', N'0494816734', N'19739509237', N'1802757 Sed Road', 0, 1, N'Catalunya', N'Tarragona', 61101, N'S', CAST(76.00 AS Decimal(18, 2)), 61, N'Act')
INSERT [dbo].[Clientes] ([ClienteId], [Nombre], [ApellidoPaterno], [ApellidoMaterno], [Telefono], [Celular], [Calle], [NumeroInterior], [NumeroExterior], [Colonia], [DelegacionMunicipio], [CodigoPostal], [Sexo], [Peso], [Edad], [Estatus]) VALUES (53, N'Seth', N'Colton', N'Josiah', N'0206438744', N'15229944961', N'P.O. Box 299, 4807 Quisque Avenue', 0, 1, N'San José', N'Curridabat', 779828, N'S', CAST(64.00 AS Decimal(18, 2)), 61, N'Act')
INSERT [dbo].[Clientes] ([ClienteId], [Nombre], [ApellidoPaterno], [ApellidoMaterno], [Telefono], [Celular], [Calle], [NumeroInterior], [NumeroExterior], [Colonia], [DelegacionMunicipio], [CodigoPostal], [Sexo], [Peso], [Edad], [Estatus]) VALUES (54, N'Henry', N'Oliver', N'Ferdinand', N'0784163269', N'15148091270', N'1896 Fusce Rd.', 0, 1, N'GA', N'Georgia', 61819, N'S', CAST(94.00 AS Decimal(18, 2)), 38, N'Act')
INSERT [dbo].[Clientes] ([ClienteId], [Nombre], [ApellidoPaterno], [ApellidoMaterno], [Telefono], [Celular], [Calle], [NumeroInterior], [NumeroExterior], [Colonia], [DelegacionMunicipio], [CodigoPostal], [Sexo], [Peso], [Edad], [Estatus]) VALUES (55, N'Kirsten', N'Victoria', N'Duncan', N'0237072287', N'15235869257', N'6725 Lacus. Avenue', 0, 1, N'British Columbia', N'Coldstream', 85050, N'S', CAST(68.00 AS Decimal(18, 2)), 51, N'Act')
INSERT [dbo].[Clientes] ([ClienteId], [Nombre], [ApellidoPaterno], [ApellidoMaterno], [Telefono], [Celular], [Calle], [NumeroInterior], [NumeroExterior], [Colonia], [DelegacionMunicipio], [CodigoPostal], [Sexo], [Peso], [Edad], [Estatus]) VALUES (56, N'Hermione', N'Victoria', N'Idona', N'0417329576', N'16777324054', N'Ap #7391019 Elit Rd.', 0, 1, N'MO', N'Independence', 4892, N'S', CAST(75.00 AS Decimal(18, 2)), 24, N'Act')
INSERT [dbo].[Clientes] ([ClienteId], [Nombre], [ApellidoPaterno], [ApellidoMaterno], [Telefono], [Celular], [Calle], [NumeroInterior], [NumeroExterior], [Colonia], [DelegacionMunicipio], [CodigoPostal], [Sexo], [Peso], [Edad], [Estatus]) VALUES (57, N'Henry', N'Madison', N'Bryar', N'0548011194', N'17589577101', N'P.O. Box 496, 1766 Ante Avenue', 0, 1, N'North Island', N'Palmerston North', 91655, N'S', CAST(114.00 AS Decimal(18, 2)), 20, N'Act')
INSERT [dbo].[Clientes] ([ClienteId], [Nombre], [ApellidoPaterno], [ApellidoMaterno], [Telefono], [Celular], [Calle], [NumeroInterior], [NumeroExterior], [Colonia], [DelegacionMunicipio], [CodigoPostal], [Sexo], [Peso], [Edad], [Estatus]) VALUES (58, N'Lesley', N'Sigourney', N'Xaviera', N'0441849931', N'11557468922', N'P.O. Box 762, 4933 Dignissim. Road', 0, 1, N'Ontario', N'Pickering', 11864, N'S', CAST(118.00 AS Decimal(18, 2)), 14, N'Act')
INSERT [dbo].[Clientes] ([ClienteId], [Nombre], [ApellidoPaterno], [ApellidoMaterno], [Telefono], [Celular], [Calle], [NumeroInterior], [NumeroExterior], [Colonia], [DelegacionMunicipio], [CodigoPostal], [Sexo], [Peso], [Edad], [Estatus]) VALUES (59, N'Kelsey', N'Hilda', N'Isaac', N'0672459995', N'16899520747', N'7393 Rutrum Street', 0, 1, N'E', N'Motala', 812494, N'S', CAST(62.00 AS Decimal(18, 2)), 60, N'Act')
INSERT [dbo].[Clientes] ([ClienteId], [Nombre], [ApellidoPaterno], [ApellidoMaterno], [Telefono], [Celular], [Calle], [NumeroInterior], [NumeroExterior], [Colonia], [DelegacionMunicipio], [CodigoPostal], [Sexo], [Peso], [Edad], [Estatus]) VALUES (60, N'Kai', N'Autumn', N'Whilemina', N'0931195552', N'17508460166', N'P.O. Box 714, 1200 Duis Avenue', 0, 1, N'Östergötlands län', N'Norrköping', 7690, N'S', CAST(52.00 AS Decimal(18, 2)), 15, N'Act')
INSERT [dbo].[Clientes] ([ClienteId], [Nombre], [ApellidoPaterno], [ApellidoMaterno], [Telefono], [Celular], [Calle], [NumeroInterior], [NumeroExterior], [Colonia], [DelegacionMunicipio], [CodigoPostal], [Sexo], [Peso], [Edad], [Estatus]) VALUES (61, N'Declan', N'Kylie', N'Lucy', N'0930614043', N'14902675094', N'4101601 Massa Rd.', 0, 1, N'ON', N'LaSalle', 820376, N'S', CAST(101.00 AS Decimal(18, 2)), 80, N'Act')
INSERT [dbo].[Clientes] ([ClienteId], [Nombre], [ApellidoPaterno], [ApellidoMaterno], [Telefono], [Celular], [Calle], [NumeroInterior], [NumeroExterior], [Colonia], [DelegacionMunicipio], [CodigoPostal], [Sexo], [Peso], [Edad], [Estatus]) VALUES (62, N'Neve', N'Hillary', N'Signe', N'0717308955', N'17351749307', N'1437098 Enim. St.', 0, 1, N'VII', N'Coronel', 43672, N'S', CAST(63.00 AS Decimal(18, 2)), 71, N'Act')
INSERT [dbo].[Clientes] ([ClienteId], [Nombre], [ApellidoPaterno], [ApellidoMaterno], [Telefono], [Celular], [Calle], [NumeroInterior], [NumeroExterior], [Colonia], [DelegacionMunicipio], [CodigoPostal], [Sexo], [Peso], [Edad], [Estatus]) VALUES (63, N'Melyssa', N'Iliana', N'Garrett', N'0105535164', N'12537410165', N'7886722 Eu Avenue', 0, 1, N'Comunitat Valenciana', N'Valéncia', 31012, N'S', CAST(62.00 AS Decimal(18, 2)), 25, N'Act')
INSERT [dbo].[Clientes] ([ClienteId], [Nombre], [ApellidoPaterno], [ApellidoMaterno], [Telefono], [Celular], [Calle], [NumeroInterior], [NumeroExterior], [Colonia], [DelegacionMunicipio], [CodigoPostal], [Sexo], [Peso], [Edad], [Estatus]) VALUES (64, N'Armand', N'Desiree', N'Zeus', N'0790233472', N'12585230557', N'Ap #104301 Lacinia St.', 0, 1, N'Wie', N'Vienna', 8635, N'S', CAST(108.00 AS Decimal(18, 2)), 34, N'Act')
INSERT [dbo].[Clientes] ([ClienteId], [Nombre], [ApellidoPaterno], [ApellidoMaterno], [Telefono], [Celular], [Calle], [NumeroInterior], [NumeroExterior], [Colonia], [DelegacionMunicipio], [CodigoPostal], [Sexo], [Peso], [Edad], [Estatus]) VALUES (65, N'Amy', N'Bell', N'Laith', N'0450595377', N'14694288302', N'P.O. Box 574, 3395 Libero Avenue', 0, 1, N'Alabama', N'Tuscaloosa', 8770, N'S', CAST(58.00 AS Decimal(18, 2)), 24, N'Act')
INSERT [dbo].[Clientes] ([ClienteId], [Nombre], [ApellidoPaterno], [ApellidoMaterno], [Telefono], [Celular], [Calle], [NumeroInterior], [NumeroExterior], [Colonia], [DelegacionMunicipio], [CodigoPostal], [Sexo], [Peso], [Edad], [Estatus]) VALUES (66, N'Daquan', N'Kylee', N'Mariko', N'0710985891', N'18371864551', N'Ap #4808061 Non, Rd.', 0, 1, N'WA', N'Spokane', 21022270, N'S', CAST(97.00 AS Decimal(18, 2)), 20, N'Act')
INSERT [dbo].[Clientes] ([ClienteId], [Nombre], [ApellidoPaterno], [ApellidoMaterno], [Telefono], [Celular], [Calle], [NumeroInterior], [NumeroExterior], [Colonia], [DelegacionMunicipio], [CodigoPostal], [Sexo], [Peso], [Edad], [Estatus]) VALUES (67, N'Lynn', N'Howard', N'Galvin', N'0742899029', N'15373100673', N'4432 Cursus. Road', 0, 1, N'Oklahoma', N'Oklahoma City', 3350, N'S', CAST(85.00 AS Decimal(18, 2)), 57, N'Act')
INSERT [dbo].[Clientes] ([ClienteId], [Nombre], [ApellidoPaterno], [ApellidoMaterno], [Telefono], [Celular], [Calle], [NumeroInterior], [NumeroExterior], [Colonia], [DelegacionMunicipio], [CodigoPostal], [Sexo], [Peso], [Edad], [Estatus]) VALUES (68, N'Leah', N'Lara', N'Aretha', N'0054199787', N'13031828183', N'Ap #991518 Viverra. St.', 0, 1, N'Heredia', N'San Pablo', 8649, N'S', CAST(82.00 AS Decimal(18, 2)), 35, N'Act')
INSERT [dbo].[Clientes] ([ClienteId], [Nombre], [ApellidoPaterno], [ApellidoMaterno], [Telefono], [Celular], [Calle], [NumeroInterior], [NumeroExterior], [Colonia], [DelegacionMunicipio], [CodigoPostal], [Sexo], [Peso], [Edad], [Estatus]) VALUES (69, N'Breanna', N'Dalton', N'Lenore', N'0510578394', N'17177447082', N'4358890 Sapien Ave', 0, 1, N'MH', N'Satara', 99184, N'S', CAST(61.00 AS Decimal(18, 2)), 55, N'Act')
INSERT [dbo].[Clientes] ([ClienteId], [Nombre], [ApellidoPaterno], [ApellidoMaterno], [Telefono], [Celular], [Calle], [NumeroInterior], [NumeroExterior], [Colonia], [DelegacionMunicipio], [CodigoPostal], [Sexo], [Peso], [Edad], [Estatus]) VALUES (70, N'Perry', N'Demetria', N'Nora', N'0779101025', N'13497592840', N'7127 Elit, Av.', 0, 1, N'Rio Grande do Sul', N'Gravataí', 20006, N'S', CAST(49.00 AS Decimal(18, 2)), 79, N'Act')
SET IDENTITY_INSERT [dbo].[Clientes] OFF
SET IDENTITY_INSERT [dbo].[Estudios] ON 

INSERT [dbo].[Estudios] ([EstudioId], [Nombre], [Descripcion], [Estatus]) VALUES (1, N'Audiometría', N'Medida de la sensibilidad de los órganos del oído en las diferentes frecuencias del sonido', N'Act')
INSERT [dbo].[Estudios] ([EstudioId], [Nombre], [Descripcion], [Estatus]) VALUES (2, N'Cardiología', N'Parte de la medicina que se ocupa de la anatomía, la fisiología y las enfermedades del corazón.', N'Act')
INSERT [dbo].[Estudios] ([EstudioId], [Nombre], [Descripcion], [Estatus]) VALUES (3, N'Colposcopia', N'Exploración o examen visual del conducto vaginal y del cuello del útero mediante un aparato óptico que amplifica las imágenes.', N'Act')
INSERT [dbo].[Estudios] ([EstudioId], [Nombre], [Descripcion], [Estatus]) VALUES (4, N'Densitometría', N'Técnica que se usa para medir la densidad de un negativo expuesto a la luz.', N'Act')
INSERT [dbo].[Estudios] ([EstudioId], [Nombre], [Descripcion], [Estatus]) VALUES (5, N'Endoscopia', N'Exploración o examen visual de las cavidades o los conductos internos del cuerpo humano mediante un endoscopio.', N'Act')
INSERT [dbo].[Estudios] ([EstudioId], [Nombre], [Descripcion], [Estatus]) VALUES (6, N'Espirometría ', N'Prueba que estudia el funcionamiento pulmonar analizando, en circunstancias controladas, la magnitud absoluta de los volúmenes pulmonares y la rapidez con que el paciente es capaz de movilizarlos.', N'Act')
INSERT [dbo].[Estudios] ([EstudioId], [Nombre], [Descripcion], [Estatus]) VALUES (7, N'Mastografía ', N'Estudio de rayos x o radiografía de los senos, en el que se toman una serie de placas que son interpretadas por un médico radiólogo con un entrenamiento específico.', N'Act')
INSERT [dbo].[Estudios] ([EstudioId], [Nombre], [Descripcion], [Estatus]) VALUES (8, N'Neurofisiología', N'Parte de la fisiología que estudia las funciones del sistema nervioso.', N'Act')
INSERT [dbo].[Estudios] ([EstudioId], [Nombre], [Descripcion], [Estatus]) VALUES (9, N'Ultrasonido', N'Vibración mecánica de frecuencia superior a la de las que puede percibir el oído.', N'Act')
INSERT [dbo].[Estudios] ([EstudioId], [Nombre], [Descripcion], [Estatus]) VALUES (10, N'Tomografía', N'Técnica exploratoria radiográfica que permite obtener imágenes radiológicas de una sección o un plano de un órgano.', N'Act')
SET IDENTITY_INSERT [dbo].[Estudios] OFF
SET IDENTITY_INSERT [dbo].[Sucursales] ON 

INSERT [dbo].[Sucursales] ([SucursalId], [Nombre], [Calle], [NumeroInterior], [NumeroExterior], [Colonia], [DelegacionMunicipio], [CodigoPostal], [Telefono], [Horario], [Estatus], [ZonaId]) VALUES (1, N'Agrícola Oriental', N'Av. Javier Rojo Gómez', 0, 382, N'Agrícola Oriental', N'Iztacalco', 8500, N' 22357915', N'07-18', N'Act', 2)
INSERT [dbo].[Sucursales] ([SucursalId], [Nombre], [Calle], [NumeroInterior], [NumeroExterior], [Colonia], [DelegacionMunicipio], [CodigoPostal], [Telefono], [Horario], [Estatus], [ZonaId]) VALUES (2, N'Alamedas Atizapan', N'Multiplaza Alamedas', 14, 15, N' Frac. las Alamedas', N'Atizapán de Zaragoza', 52970, N'58253738', N'07-15', N'Act', 1)
INSERT [dbo].[Sucursales] ([SucursalId], [Nombre], [Calle], [NumeroInterior], [NumeroExterior], [Colonia], [DelegacionMunicipio], [CodigoPostal], [Telefono], [Horario], [Estatus], [ZonaId]) VALUES (3, N'Alce Blanco', N'Avenida Gustavo Baz', 0, 100, N'Alce Blanco', N'Naucalpan', 53370, N'5553601042', N'07-15', N'Act', 1)
INSERT [dbo].[Sucursales] ([SucursalId], [Nombre], [Calle], [NumeroInterior], [NumeroExterior], [Colonia], [DelegacionMunicipio], [CodigoPostal], [Telefono], [Horario], [Estatus], [ZonaId]) VALUES (4, N'Aragón', N'Calle 34', 1, 123, N'Jardínes de Guadalupe', N'Nezahualcóyotl', 57140, N'57119406', N'07-15', N'Act', 2)
INSERT [dbo].[Sucursales] ([SucursalId], [Nombre], [Calle], [NumeroInterior], [NumeroExterior], [Colonia], [DelegacionMunicipio], [CodigoPostal], [Telefono], [Horario], [Estatus], [ZonaId]) VALUES (5, N'Azcapotzalco', N'Av. 16 de Septiembre', 0, 33, N'Azcapotzalco Centro', N' Azcapotzalco', 2000, N'17422277', N'07-19', N'Act', 1)
INSERT [dbo].[Sucursales] ([SucursalId], [Nombre], [Calle], [NumeroInterior], [NumeroExterior], [Colonia], [DelegacionMunicipio], [CodigoPostal], [Telefono], [Horario], [Estatus], [ZonaId]) VALUES (6, N'Bosques del Lago', N'Circuito Bosques de Bolognias', 0, 225, N'Bosques del Lago', N'Cuautitlán Izcalli', 54766, N'24864432', N'07-15', N'Act', 1)
INSERT [dbo].[Sucursales] ([SucursalId], [Nombre], [Calle], [NumeroInterior], [NumeroExterior], [Colonia], [DelegacionMunicipio], [CodigoPostal], [Telefono], [Horario], [Estatus], [ZonaId]) VALUES (7, N'Central de Abastos', N'Leyes de Reforma esq. Baratillo', 0, 160, N'Ejidos del Moral', N'Iztapalapa', 9040, N'56001885', N'07-15', N'Act', 4)
INSERT [dbo].[Sucursales] ([SucursalId], [Nombre], [Calle], [NumeroInterior], [NumeroExterior], [Colonia], [DelegacionMunicipio], [CodigoPostal], [Telefono], [Horario], [Estatus], [ZonaId]) VALUES (8, N'Centro Médico Cuauhtémoc', N'Av. Cuauhtémoc', 0, 379, N'Roma Sur', N'Cuauhtémoc', 6760, N'55648409', N'06-19', N'Act', 1)
INSERT [dbo].[Sucursales] ([SucursalId], [Nombre], [Calle], [NumeroInterior], [NumeroExterior], [Colonia], [DelegacionMunicipio], [CodigoPostal], [Telefono], [Horario], [Estatus], [ZonaId]) VALUES (9, N'Xochimilco', N'Av. Guadalupe I. Ramirez', 0, 610, N'Tierra Nueva', N'Xochimilco', 16050, N'15091579', N'07-15', N'Act', 3)
INSERT [dbo].[Sucursales] ([SucursalId], [Nombre], [Calle], [NumeroInterior], [NumeroExterior], [Colonia], [DelegacionMunicipio], [CodigoPostal], [Telefono], [Horario], [Estatus], [ZonaId]) VALUES (10, N'Casa Matriz', N'Casa Matriz', 0, 0, N'Casa Matriz', N'Casa Matriz', 0, N'0000000', N'0000000', N'Act', 1)
SET IDENTITY_INSERT [dbo].[Sucursales] OFF
SET IDENTITY_INSERT [dbo].[Tecnicos] ON 

INSERT [dbo].[Tecnicos] ([TecnicoId], [Nombre], [ApellidoPaterno], [ApellidoMaterno], [Calle], [NumeroInterior], [NumeroExterior], [Colonia], [DelegacionMunicipio], [CodigoPostal], [Estado], [Edad], [Sexo], [Notas], [Estatus], [SucursalId], [EstudioId]) VALUES (2, N'Rowan', N'Colton', N'Myra', N'Ap #9029503 Velit. Road', 0, 1, N'Minnesota', N'Saint Paul', 45135106, N'Wallis and Futuna', 48, N'S', N'bibendum ullamcorper. Duis cursus, diam at pretium aliquet, metus urna', N'Act', 9, 7)
INSERT [dbo].[Tecnicos] ([TecnicoId], [Nombre], [ApellidoPaterno], [ApellidoMaterno], [Calle], [NumeroInterior], [NumeroExterior], [Colonia], [DelegacionMunicipio], [CodigoPostal], [Estado], [Edad], [Sexo], [Notas], [Estatus], [SucursalId], [EstudioId]) VALUES (3, N'Hedley', N'Baker', N'Dorian', N'6556 Vitae, Rd.', 0, 1, N'NSW', N'Liverpool', 62007, N'Seychelles', 20, N'S', N'ridiculus mus. Donec dignissim magna a tortor. Nunc commodo auctor', N'Act', 4, 3)
INSERT [dbo].[Tecnicos] ([TecnicoId], [Nombre], [ApellidoPaterno], [ApellidoMaterno], [Calle], [NumeroInterior], [NumeroExterior], [Colonia], [DelegacionMunicipio], [CodigoPostal], [Estado], [Edad], [Sexo], [Notas], [Estatus], [SucursalId], [EstudioId]) VALUES (4, N'Prescott', N'Nash', N'Jayme', N'9761 Neque St.', 0, 1, N'CE', N'Dreux', 1547, N'Iraq', 35, N'S', N'et, lacinia vitae, sodales at, velit. Pellentesque ultricies dignissim lacus.', N'Act', 7, 9)
INSERT [dbo].[Tecnicos] ([TecnicoId], [Nombre], [ApellidoPaterno], [ApellidoMaterno], [Calle], [NumeroInterior], [NumeroExterior], [Colonia], [DelegacionMunicipio], [CodigoPostal], [Estado], [Edad], [Sexo], [Notas], [Estatus], [SucursalId], [EstudioId]) VALUES (5, N'Nadine', N'Leroy', N'Channing', N'P.O. Box 918, 7377 Libero Road', 0, 1, N'NT', N'Northampton', 976400, N'Belgium', 34, N'S', N'nulla. Donec non justo. Proin non massa non ante bibendum', N'Act', 2, 2)
INSERT [dbo].[Tecnicos] ([TecnicoId], [Nombre], [ApellidoPaterno], [ApellidoMaterno], [Calle], [NumeroInterior], [NumeroExterior], [Colonia], [DelegacionMunicipio], [CodigoPostal], [Estado], [Edad], [Sexo], [Notas], [Estatus], [SucursalId], [EstudioId]) VALUES (6, N'Samson', N'Marsden', N'Rosalyn', N'6594 Rutrum Avenue', 0, 1, N'Munster', N'Cork', 52557, N'Vanuatu', 62, N'S', N'et arcu imperdiet ullamcorper. Duis at lacus. Quisque purus sapien,', N'Act', 4, 3)
INSERT [dbo].[Tecnicos] ([TecnicoId], [Nombre], [ApellidoPaterno], [ApellidoMaterno], [Calle], [NumeroInterior], [NumeroExterior], [Colonia], [DelegacionMunicipio], [CodigoPostal], [Estado], [Edad], [Sexo], [Notas], [Estatus], [SucursalId], [EstudioId]) VALUES (7, N'Ali', N'Vance', N'Blake', N'8146 Sed St.', 0, 1, N'O', N'Alingsås', 729510, N'Australia', 16, N'S', N'eget massa. Suspendisse eleifend. Cras sed leo. Cras vehicula aliquet', N'Act', 4, 5)
INSERT [dbo].[Tecnicos] ([TecnicoId], [Nombre], [ApellidoPaterno], [ApellidoMaterno], [Calle], [NumeroInterior], [NumeroExterior], [Colonia], [DelegacionMunicipio], [CodigoPostal], [Estado], [Edad], [Sexo], [Notas], [Estatus], [SucursalId], [EstudioId]) VALUES (8, N'Amir', N'Maile', N'Aaron', N'5442993 Nulla Rd.', 0, 1, N'Madhya Pradesh', N'Jabalpur', 388556, N'French Southern Territories', 19, N'S', N'faucibus leo, in lobortis tellus justo sit amet nulla. Donec', N'Act', 3, 4)
INSERT [dbo].[Tecnicos] ([TecnicoId], [Nombre], [ApellidoPaterno], [ApellidoMaterno], [Calle], [NumeroInterior], [NumeroExterior], [Colonia], [DelegacionMunicipio], [CodigoPostal], [Estado], [Edad], [Sexo], [Notas], [Estatus], [SucursalId], [EstudioId]) VALUES (9, N'Bethany', N'Tiger', N'Camilla', N'P.O. Box 725, 2777 Nec Road', 0, 1, N'Cartago', N'Paraíso', 844372, N'French Guiana', 58, N'S', N'Mauris vel turpis. Aliquam adipiscing lobortis risus. In mi pede,', N'Act', 8, 7)
INSERT [dbo].[Tecnicos] ([TecnicoId], [Nombre], [ApellidoPaterno], [ApellidoMaterno], [Calle], [NumeroInterior], [NumeroExterior], [Colonia], [DelegacionMunicipio], [CodigoPostal], [Estado], [Edad], [Sexo], [Notas], [Estatus], [SucursalId], [EstudioId]) VALUES (10, N'Brady', N'Vera', N'Shelly', N'3788 Parturient Av.', 0, 1, N'AK', N'Fairbanks', 5629, N'Zimbabwe', 10, N'S', N'Quisque varius. Nam porttitor scelerisque neque. Nullam nisl. Maecenas malesuada', N'Act', 3, 8)
INSERT [dbo].[Tecnicos] ([TecnicoId], [Nombre], [ApellidoPaterno], [ApellidoMaterno], [Calle], [NumeroInterior], [NumeroExterior], [Colonia], [DelegacionMunicipio], [CodigoPostal], [Estado], [Edad], [Sexo], [Notas], [Estatus], [SucursalId], [EstudioId]) VALUES (11, N'Nichole', N'Tiger', N'Rajah', N'Ap #2243049 Ad St.', 0, 1, N'Aydin', N'Nazilli', 59451, N'Belgium', 46, N'S', N'nunc nulla vulputate dui, nec tempus mauris erat eget ipsum.', N'Act', 7, 9)
INSERT [dbo].[Tecnicos] ([TecnicoId], [Nombre], [ApellidoPaterno], [ApellidoMaterno], [Calle], [NumeroInterior], [NumeroExterior], [Colonia], [DelegacionMunicipio], [CodigoPostal], [Estado], [Edad], [Sexo], [Notas], [Estatus], [SucursalId], [EstudioId]) VALUES (30, N'Tanner', N'Rana', N'Cooper', N'7063045 Duis Street', 0, 1, N'Katsina', N'Funtua', 437, N'Japan', 57, N'S', N'eget, dictum placerat, augue. Sed molestie. Sed id risus quis', N'Act', 1, 3)
INSERT [dbo].[Tecnicos] ([TecnicoId], [Nombre], [ApellidoPaterno], [ApellidoMaterno], [Calle], [NumeroInterior], [NumeroExterior], [Colonia], [DelegacionMunicipio], [CodigoPostal], [Estado], [Edad], [Sexo], [Notas], [Estatus], [SucursalId], [EstudioId]) VALUES (31, N'Hanna', N'Devin', N'Roanna', N'5219 Nulla Rd.', 0, 1, N'Maranhão', N'Santa Inês', 4262, N'Nauru', 53, N'S', N'elit. Aliquam auctor, velit eget laoreet posuere, enim nisl elementum', N'Act', 8, 2)
INSERT [dbo].[Tecnicos] ([TecnicoId], [Nombre], [ApellidoPaterno], [ApellidoMaterno], [Calle], [NumeroInterior], [NumeroExterior], [Colonia], [DelegacionMunicipio], [CodigoPostal], [Estado], [Edad], [Sexo], [Notas], [Estatus], [SucursalId], [EstudioId]) VALUES (32, N'Joseph', N'Brandon', N'Vanna', N'Ap #6672823 Sed Rd.', 0, 1, N'MA', N'Móstoles', 371052, N'Mongolia', 78, N'S', N'Cras dictum ultricies ligula. Nullam enim. Sed nulla ante, iaculis', N'Act', 5, 1)
INSERT [dbo].[Tecnicos] ([TecnicoId], [Nombre], [ApellidoPaterno], [ApellidoMaterno], [Calle], [NumeroInterior], [NumeroExterior], [Colonia], [DelegacionMunicipio], [CodigoPostal], [Estado], [Edad], [Sexo], [Notas], [Estatus], [SucursalId], [EstudioId]) VALUES (33, N'Desirae', N'Daria', N'Aubrey', N'P.O. Box 510, 5633 Dictum. Street', 0, 1, N'Arkansas', N'Little Rock', 72005, N'Western Sahara', 77, N'S', N'blandit viverra. Donec tempus, lorem fringilla ornare placerat, orci lacus', N'Act', 6, 10)
INSERT [dbo].[Tecnicos] ([TecnicoId], [Nombre], [ApellidoPaterno], [ApellidoMaterno], [Calle], [NumeroInterior], [NumeroExterior], [Colonia], [DelegacionMunicipio], [CodigoPostal], [Estado], [Edad], [Sexo], [Notas], [Estatus], [SucursalId], [EstudioId]) VALUES (34, N'Buffy', N'Nevada', N'Brady', N'8860 Dictum St.', 0, 1, N'BE', N'Berlin', 2233, N'Gambia', 12, N'S', N'elit. Aliquam auctor, velit eget laoreet posuere, enim nisl elementum', N'Act', 3, 1)
INSERT [dbo].[Tecnicos] ([TecnicoId], [Nombre], [ApellidoPaterno], [ApellidoMaterno], [Calle], [NumeroInterior], [NumeroExterior], [Colonia], [DelegacionMunicipio], [CodigoPostal], [Estado], [Edad], [Sexo], [Notas], [Estatus], [SucursalId], [EstudioId]) VALUES (35, N'Alexandra', N'Teagan', N'Ivory', N'P.O. Box 169, 2028 Nibh. Rd.', 0, 1, N'Massachusetts', N'Worcester', 8300, N'Isle of Man', 22, N'S', N'natoque penatibus et magnis dis parturient montes, nascetur ridiculus mus.', N'Act', 1, 1)
INSERT [dbo].[Tecnicos] ([TecnicoId], [Nombre], [ApellidoPaterno], [ApellidoMaterno], [Calle], [NumeroInterior], [NumeroExterior], [Colonia], [DelegacionMunicipio], [CodigoPostal], [Estado], [Edad], [Sexo], [Notas], [Estatus], [SucursalId], [EstudioId]) VALUES (36, N'Jerome', N'Halee', N'Aretha', N'7949 Eget, Avenue', 0, 1, N'NSW', N'Orange', 41903, N'Qatar', 12, N'S', N'adipiscing, enim mi tempor lorem, eget mollis lectus pede et', N'Act', 3, 9)
INSERT [dbo].[Tecnicos] ([TecnicoId], [Nombre], [ApellidoPaterno], [ApellidoMaterno], [Calle], [NumeroInterior], [NumeroExterior], [Colonia], [DelegacionMunicipio], [CodigoPostal], [Estado], [Edad], [Sexo], [Notas], [Estatus], [SucursalId], [EstudioId]) VALUES (37, N'Reese', N'Rahim', N'Laith', N'P.O. Box 859, 1232 Ut Rd.', 0, 1, N'AB', N'Upplands Väsby', 7722, N'Falkland Islands', 80, N'S', N'Donec dignissim magna a tortor. Nunc commodo auctor velit. Aliquam', N'Act', 9, 7)
INSERT [dbo].[Tecnicos] ([TecnicoId], [Nombre], [ApellidoPaterno], [ApellidoMaterno], [Calle], [NumeroInterior], [NumeroExterior], [Colonia], [DelegacionMunicipio], [CodigoPostal], [Estado], [Edad], [Sexo], [Notas], [Estatus], [SucursalId], [EstudioId]) VALUES (38, N'Michelle', N'Graiden', N'Lars', N'Ap #1561871 Integer Rd.', 0, 1, N'SI', N'Queenstown', 159562, N'Azerbaijan', 27, N'S', N'rutrum. Fusce dolor quam, elementum at, egestas a, scelerisque sed,', N'Act', 2, 4)
INSERT [dbo].[Tecnicos] ([TecnicoId], [Nombre], [ApellidoPaterno], [ApellidoMaterno], [Calle], [NumeroInterior], [NumeroExterior], [Colonia], [DelegacionMunicipio], [CodigoPostal], [Estado], [Edad], [Sexo], [Notas], [Estatus], [SucursalId], [EstudioId]) VALUES (39, N'Quon', N'Riley', N'Quentin', N'7603 Cursus St.', 0, 1, N'Idaho', N'Boise', 6151, N'Holy See (Vatican City State)', 80, N'S', N'Integer tincidunt aliquam arcu. Aliquam ultrices iaculis odio. Nam interdum', N'Act', 8, 7)
INSERT [dbo].[Tecnicos] ([TecnicoId], [Nombre], [ApellidoPaterno], [ApellidoMaterno], [Calle], [NumeroInterior], [NumeroExterior], [Colonia], [DelegacionMunicipio], [CodigoPostal], [Estado], [Edad], [Sexo], [Notas], [Estatus], [SucursalId], [EstudioId]) VALUES (40, N'Hilel', N'Shad', N'Isabelle', N'3484621 Sapien. Street', 0, 1, N'San José', N'Concepción', 43187, N'India', 71, N'S', N'habitant morbi tristique senectus et netus et malesuada fames ac', N'Act', 6, 7)
INSERT [dbo].[Tecnicos] ([TecnicoId], [Nombre], [ApellidoPaterno], [ApellidoMaterno], [Calle], [NumeroInterior], [NumeroExterior], [Colonia], [DelegacionMunicipio], [CodigoPostal], [Estado], [Edad], [Sexo], [Notas], [Estatus], [SucursalId], [EstudioId]) VALUES (41, N'Cole', N'Marvin', N'Neil', N'Ap #4314098 Pharetra St.', 0, 1, N'New South Wales', N'Dubbo', 37323, N'Cambodia', 22, N'S', N'molestie orci tincidunt adipiscing. Mauris molestie pharetra nibh. Aliquam ornare,', N'Act', 9, 1)
INSERT [dbo].[Tecnicos] ([TecnicoId], [Nombre], [ApellidoPaterno], [ApellidoMaterno], [Calle], [NumeroInterior], [NumeroExterior], [Colonia], [DelegacionMunicipio], [CodigoPostal], [Estado], [Edad], [Sexo], [Notas], [Estatus], [SucursalId], [EstudioId]) VALUES (42, N'Athena', N'Prescott', N'Amethyst', N'P.O. Box 820, 2019 Suspendisse St.', 0, 1, N'WestVlaanderen', N'Assebroek', 503, N'Saint Kitts and Nevis', 54, N'S', N'adipiscing, enim mi tempor lorem, eget mollis lectus pede et', N'Act', 5, 8)
INSERT [dbo].[Tecnicos] ([TecnicoId], [Nombre], [ApellidoPaterno], [ApellidoMaterno], [Calle], [NumeroInterior], [NumeroExterior], [Colonia], [DelegacionMunicipio], [CodigoPostal], [Estado], [Edad], [Sexo], [Notas], [Estatus], [SucursalId], [EstudioId]) VALUES (43, N'Cooper', N'Giselle', N'Zane', N'3411 Gravida. Avenue', 0, 1, N'New South Wales', N'Penrith', 7737, N'Nigeria', 46, N'S', N'enim commodo hendrerit. Donec porttitor tellus non magna. Nam ligula', N'Act', 1, 7)
INSERT [dbo].[Tecnicos] ([TecnicoId], [Nombre], [ApellidoPaterno], [ApellidoMaterno], [Calle], [NumeroInterior], [NumeroExterior], [Colonia], [DelegacionMunicipio], [CodigoPostal], [Estado], [Edad], [Sexo], [Notas], [Estatus], [SucursalId], [EstudioId]) VALUES (44, N'Miranda', N'Scarlet', N'Hillary', N'9505 Eu Av.', 0, 1, N'Samsun', N'Vezirköprü', 50000, N'Azerbaijan', 56, N'S', N'scelerisque neque sed sem egestas blandit. Nam nulla magna, malesuada', N'Act', 6, 1)
INSERT [dbo].[Tecnicos] ([TecnicoId], [Nombre], [ApellidoPaterno], [ApellidoMaterno], [Calle], [NumeroInterior], [NumeroExterior], [Colonia], [DelegacionMunicipio], [CodigoPostal], [Estado], [Edad], [Sexo], [Notas], [Estatus], [SucursalId], [EstudioId]) VALUES (45, N'Reed', N'Joy', N'Bo', N'5385 Amet, Street', 0, 1, N'Luxemburg', N'Montleban', 9017, N'United Kingdom (Great Britain)', 68, N'S', N'orci. Ut sagittis lobortis mauris. Suspendisse aliquet molestie tellus. Aenean', N'Act', 1, 5)
INSERT [dbo].[Tecnicos] ([TecnicoId], [Nombre], [ApellidoPaterno], [ApellidoMaterno], [Calle], [NumeroInterior], [NumeroExterior], [Colonia], [DelegacionMunicipio], [CodigoPostal], [Estado], [Edad], [Sexo], [Notas], [Estatus], [SucursalId], [EstudioId]) VALUES (46, N'MacKensie', N'Lev', N'Amela', N'2985 Libero Av.', 0, 1, N'AP', N'Guntur', 73522, N'Nepal', 80, N'S', N'ridiculus mus. Aenean eget magna. Suspendisse tristique neque venenatis lacus.', N'Act', 2, 3)
INSERT [dbo].[Tecnicos] ([TecnicoId], [Nombre], [ApellidoPaterno], [ApellidoMaterno], [Calle], [NumeroInterior], [NumeroExterior], [Colonia], [DelegacionMunicipio], [CodigoPostal], [Estado], [Edad], [Sexo], [Notas], [Estatus], [SucursalId], [EstudioId]) VALUES (47, N'Stacey', N'Vernon', N'Chiquita', N'3238859 Consectetuer Rd.', 0, 1, N'AK', N'Uyo', 7733, N'Cook Islands', 28, N'S', N'ligula. Nullam feugiat placerat velit. Quisque varius. Nam porttitor scelerisque', N'Act', 9, 5)
INSERT [dbo].[Tecnicos] ([TecnicoId], [Nombre], [ApellidoPaterno], [ApellidoMaterno], [Calle], [NumeroInterior], [NumeroExterior], [Colonia], [DelegacionMunicipio], [CodigoPostal], [Estado], [Edad], [Sexo], [Notas], [Estatus], [SucursalId], [EstudioId]) VALUES (48, N'Geraldine', N'Alfonso', N'Brenda', N'Ap #2644101 Nec St.', 0, 1, N'C', N'Turrialba', 9568, N'Korea, South', 73, N'S', N'pede, ultrices a, auctor non, feugiat nec, diam. Duis mi', N'Act', 4, 1)
INSERT [dbo].[Tecnicos] ([TecnicoId], [Nombre], [ApellidoPaterno], [ApellidoMaterno], [Calle], [NumeroInterior], [NumeroExterior], [Colonia], [DelegacionMunicipio], [CodigoPostal], [Estado], [Edad], [Sexo], [Notas], [Estatus], [SucursalId], [EstudioId]) VALUES (49, N'Montana', N'Damian', N'Isabelle', N'P.O. Box 253, 9213 Elementum Road', 0, 1, N'Comunitat Valenciana', N'Valéncia', 32509, N'Sao Tome and Principe', 59, N'S', N'dolor sit amet, consectetuer adipiscing elit. Etiam laoreet, libero et', N'Act', 7, 1)
INSERT [dbo].[Tecnicos] ([TecnicoId], [Nombre], [ApellidoPaterno], [ApellidoMaterno], [Calle], [NumeroInterior], [NumeroExterior], [Colonia], [DelegacionMunicipio], [CodigoPostal], [Estado], [Edad], [Sexo], [Notas], [Estatus], [SucursalId], [EstudioId]) VALUES (59, N'Benjamin', N'Clio', N'Hyatt', N'3035231 Sit Ave', 0, 1, N'Vienna', N'Vienna', 98997, N'Korea, North', 62, N'S', N'in, dolor. Fusce feugiat. Lorem ipsum dolor sit amet, consectetuer', N'Act', 4, 9)
INSERT [dbo].[Tecnicos] ([TecnicoId], [Nombre], [ApellidoPaterno], [ApellidoMaterno], [Calle], [NumeroInterior], [NumeroExterior], [Colonia], [DelegacionMunicipio], [CodigoPostal], [Estado], [Edad], [Sexo], [Notas], [Estatus], [SucursalId], [EstudioId]) VALUES (60, N'Destiny', N'Francis', N'TaShya', N'Ap #4041671 Penatibus Rd.', 0, 1, N'Bremen', N'Bremen', 5227, N'Senegal', 35, N'S', N'interdum. Curabitur dictum. Phasellus in felis. Nulla tempor augue ac', N'Act', 9, 5)
INSERT [dbo].[Tecnicos] ([TecnicoId], [Nombre], [ApellidoPaterno], [ApellidoMaterno], [Calle], [NumeroInterior], [NumeroExterior], [Colonia], [DelegacionMunicipio], [CodigoPostal], [Estado], [Edad], [Sexo], [Notas], [Estatus], [SucursalId], [EstudioId]) VALUES (61, N'Drake', N'Kadeem', N'Aileen', N'Ap #2943504 Malesuada St.', 0, 1, N'UP', N'Maunath Bhanjan', 55555, N'Sint Maarten', 75, N'S', N'lacus. Quisque imperdiet, erat nonummy ultricies ornare, elit elit fermentum', N'Act', 4, 5)
INSERT [dbo].[Tecnicos] ([TecnicoId], [Nombre], [ApellidoPaterno], [ApellidoMaterno], [Calle], [NumeroInterior], [NumeroExterior], [Colonia], [DelegacionMunicipio], [CodigoPostal], [Estado], [Edad], [Sexo], [Notas], [Estatus], [SucursalId], [EstudioId]) VALUES (62, N'Leroy', N'Benjamin', N'Raja', N'P.O. Box 131, 797 Dignissim Avenue', 0, 1, N'Pembrokeshire', N'Fishguard', 65930, N'Bahamas', 54, N'S', N'lorem, vehicula et, rutrum eu, ultrices sit amet, risus. Donec', N'Act', 1, 5)
INSERT [dbo].[Tecnicos] ([TecnicoId], [Nombre], [ApellidoPaterno], [ApellidoMaterno], [Calle], [NumeroInterior], [NumeroExterior], [Colonia], [DelegacionMunicipio], [CodigoPostal], [Estado], [Edad], [Sexo], [Notas], [Estatus], [SucursalId], [EstudioId]) VALUES (63, N'Tallulah', N'Knox', N'Chase', N'Ap #8024214 Sodales Street', 0, 1, N'Kansas', N'Overland Park', 8100, N'Iraq', 80, N'S', N'mus. Proin vel nisl. Quisque fringilla euismod enim. Etiam gravida', N'Act', 8, 1)
INSERT [dbo].[Tecnicos] ([TecnicoId], [Nombre], [ApellidoPaterno], [ApellidoMaterno], [Calle], [NumeroInterior], [NumeroExterior], [Colonia], [DelegacionMunicipio], [CodigoPostal], [Estado], [Edad], [Sexo], [Notas], [Estatus], [SucursalId], [EstudioId]) VALUES (64, N'Guy', N'Neville', N'Jaden', N'Ap #919482 Augue Road', 0, 1, N'TX', N'Fort Worth', 38415, N'Oman', 47, N'S', N'id, blandit at, nisi. Cum sociis natoque penatibus et magnis', N'Act', 2, 1)
INSERT [dbo].[Tecnicos] ([TecnicoId], [Nombre], [ApellidoPaterno], [ApellidoMaterno], [Calle], [NumeroInterior], [NumeroExterior], [Colonia], [DelegacionMunicipio], [CodigoPostal], [Estado], [Edad], [Sexo], [Notas], [Estatus], [SucursalId], [EstudioId]) VALUES (65, N'Brooke', N'Logan', N'Karyn', N'7112 Lorem St.', 0, 1, N'Metropolitana de Santiago', N'Isla de Maipo', 1965, N'Turkey', 17, N'S', N'sed pede nec ante blandit viverra. Donec tempus, lorem fringilla', N'Act', 8, 8)
INSERT [dbo].[Tecnicos] ([TecnicoId], [Nombre], [ApellidoPaterno], [ApellidoMaterno], [Calle], [NumeroInterior], [NumeroExterior], [Colonia], [DelegacionMunicipio], [CodigoPostal], [Estado], [Edad], [Sexo], [Notas], [Estatus], [SucursalId], [EstudioId]) VALUES (66, N'Sydney', N'Luke', N'Cheryl', N'2732 Non, Av.', 0, 1, N'RJ', N'São João de Meriti', 44444, N'Cayman Islands', 72, N'S', N'nulla ante, iaculis nec, eleifend non, dapibus rutrum, justo. Praesent', N'Act', 9, 5)
INSERT [dbo].[Tecnicos] ([TecnicoId], [Nombre], [ApellidoPaterno], [ApellidoMaterno], [Calle], [NumeroInterior], [NumeroExterior], [Colonia], [DelegacionMunicipio], [CodigoPostal], [Estado], [Edad], [Sexo], [Notas], [Estatus], [SucursalId], [EstudioId]) VALUES (67, N'Cole', N'Barclay', N'Cameron', N'P.O. Box 287, 8067 Enim. Avenue', 0, 1, N'Los Ríos', N'Río Bueno', 7441, N'Andorra', 64, N'S', N'sed dictum eleifend, nunc risus varius orci, in consequat enim', N'Act', 5, 8)
INSERT [dbo].[Tecnicos] ([TecnicoId], [Nombre], [ApellidoPaterno], [ApellidoMaterno], [Calle], [NumeroInterior], [NumeroExterior], [Colonia], [DelegacionMunicipio], [CodigoPostal], [Estado], [Edad], [Sexo], [Notas], [Estatus], [SucursalId], [EstudioId]) VALUES (68, N'Alec', N'Ruth', N'Moana', N'2532 Nulla St.', 0, 1, N'Stockholms län', N'Boo', 56490, N'Libya', 29, N'S', N'gravida mauris ut mi. Duis risus odio, auctor vitae, aliquet', N'Act', 5, 4)
SET IDENTITY_INSERT [dbo].[Tecnicos] OFF
SET IDENTITY_INSERT [dbo].[Zonas] ON 

INSERT [dbo].[Zonas] ([ZonaId], [ZonaNombre], [Descripcion]) VALUES (1, N'Norte', N'Zona Norte')
INSERT [dbo].[Zonas] ([ZonaId], [ZonaNombre], [Descripcion]) VALUES (2, N'Oriente', N'Zona Oriente')
INSERT [dbo].[Zonas] ([ZonaId], [ZonaNombre], [Descripcion]) VALUES (3, N'Sur', N'Zona Sur')
INSERT [dbo].[Zonas] ([ZonaId], [ZonaNombre], [Descripcion]) VALUES (4, N'Occidente', N'Zona Occidente')
SET IDENTITY_INSERT [dbo].[Zonas] OFF
ALTER TABLE [dbo].[Analisis]  WITH CHECK ADD  CONSTRAINT [FK_dbo.Analisis_dbo.Estudios_EstudioId] FOREIGN KEY([EstudioId])
REFERENCES [dbo].[Estudios] ([EstudioId])
ON DELETE CASCADE
GO
ALTER TABLE [dbo].[Analisis] CHECK CONSTRAINT [FK_dbo.Analisis_dbo.Estudios_EstudioId]
GO
ALTER TABLE [dbo].[AnalisisSucursales]  WITH CHECK ADD  CONSTRAINT [FK_dbo.AnalisisSucursales_dbo.Analisis_AnalisisId] FOREIGN KEY([AnalisisId])
REFERENCES [dbo].[Analisis] ([AnalisisId])
ON DELETE CASCADE
GO
ALTER TABLE [dbo].[AnalisisSucursales] CHECK CONSTRAINT [FK_dbo.AnalisisSucursales_dbo.Analisis_AnalisisId]
GO
ALTER TABLE [dbo].[AnalisisSucursales]  WITH CHECK ADD  CONSTRAINT [FK_dbo.AnalisisSucursales_dbo.Sucursales_SucursalId] FOREIGN KEY([SucursalId])
REFERENCES [dbo].[Sucursales] ([SucursalId])
ON DELETE CASCADE
GO
ALTER TABLE [dbo].[AnalisisSucursales] CHECK CONSTRAINT [FK_dbo.AnalisisSucursales_dbo.Sucursales_SucursalId]
GO
ALTER TABLE [dbo].[AspNetUserClaims]  WITH CHECK ADD  CONSTRAINT [FK_dbo.AspNetUserClaims_dbo.AspNetUsers_UserId] FOREIGN KEY([UserId])
REFERENCES [dbo].[AspNetUsers] ([Id])
ON DELETE CASCADE
GO
ALTER TABLE [dbo].[AspNetUserClaims] CHECK CONSTRAINT [FK_dbo.AspNetUserClaims_dbo.AspNetUsers_UserId]
GO
ALTER TABLE [dbo].[AspNetUserLogins]  WITH CHECK ADD  CONSTRAINT [FK_dbo.AspNetUserLogins_dbo.AspNetUsers_UserId] FOREIGN KEY([UserId])
REFERENCES [dbo].[AspNetUsers] ([Id])
ON DELETE CASCADE
GO
ALTER TABLE [dbo].[AspNetUserLogins] CHECK CONSTRAINT [FK_dbo.AspNetUserLogins_dbo.AspNetUsers_UserId]
GO
ALTER TABLE [dbo].[AspNetUserRoles]  WITH CHECK ADD  CONSTRAINT [FK_dbo.AspNetUserRoles_dbo.AspNetRoles_RoleId] FOREIGN KEY([RoleId])
REFERENCES [dbo].[AspNetRoles] ([Id])
ON DELETE CASCADE
GO
ALTER TABLE [dbo].[AspNetUserRoles] CHECK CONSTRAINT [FK_dbo.AspNetUserRoles_dbo.AspNetRoles_RoleId]
GO
ALTER TABLE [dbo].[AspNetUserRoles]  WITH CHECK ADD  CONSTRAINT [FK_dbo.AspNetUserRoles_dbo.AspNetUsers_UserId] FOREIGN KEY([UserId])
REFERENCES [dbo].[AspNetUsers] ([Id])
ON DELETE CASCADE
GO
ALTER TABLE [dbo].[AspNetUserRoles] CHECK CONSTRAINT [FK_dbo.AspNetUserRoles_dbo.AspNetUsers_UserId]
GO
ALTER TABLE [dbo].[AspNetUsers]  WITH CHECK ADD  CONSTRAINT [FK_dbo.AspNetUsers_dbo.Sucursales_SucursalId] FOREIGN KEY([SucursalId])
REFERENCES [dbo].[Sucursales] ([SucursalId])
GO
ALTER TABLE [dbo].[AspNetUsers] CHECK CONSTRAINT [FK_dbo.AspNetUsers_dbo.Sucursales_SucursalId]
GO
ALTER TABLE [dbo].[Citas]  WITH CHECK ADD  CONSTRAINT [FK_dbo.Citas_dbo.Analisis_AnalisisId] FOREIGN KEY([AnalisisId])
REFERENCES [dbo].[Analisis] ([AnalisisId])
ON DELETE CASCADE
GO
ALTER TABLE [dbo].[Citas] CHECK CONSTRAINT [FK_dbo.Citas_dbo.Analisis_AnalisisId]
GO
ALTER TABLE [dbo].[Citas]  WITH CHECK ADD  CONSTRAINT [FK_dbo.Citas_dbo.AspNetUsers_Id] FOREIGN KEY([Id])
REFERENCES [dbo].[AspNetUsers] ([Id])
ON DELETE CASCADE
GO
ALTER TABLE [dbo].[Citas] CHECK CONSTRAINT [FK_dbo.Citas_dbo.AspNetUsers_Id]
GO
ALTER TABLE [dbo].[Citas]  WITH CHECK ADD  CONSTRAINT [FK_dbo.Citas_dbo.Clientes_ClienteId] FOREIGN KEY([ClienteId])
REFERENCES [dbo].[Clientes] ([ClienteId])
ON DELETE CASCADE
GO
ALTER TABLE [dbo].[Citas] CHECK CONSTRAINT [FK_dbo.Citas_dbo.Clientes_ClienteId]
GO
ALTER TABLE [dbo].[Historicos]  WITH CHECK ADD  CONSTRAINT [FK_dbo.Historicos_dbo.Citas_CitaId] FOREIGN KEY([CitaId])
REFERENCES [dbo].[Citas] ([CitaId])
ON DELETE CASCADE
GO
ALTER TABLE [dbo].[Historicos] CHECK CONSTRAINT [FK_dbo.Historicos_dbo.Citas_CitaId]
GO
ALTER TABLE [dbo].[TecnicoCitas]  WITH CHECK ADD  CONSTRAINT [FK_dbo.TecnicoCitas_dbo.Tecnicos_TecnicoId] FOREIGN KEY([TecnicoId])
REFERENCES [dbo].[Tecnicos] ([TecnicoId])
ON DELETE CASCADE
GO
ALTER TABLE [dbo].[TecnicoCitas] CHECK CONSTRAINT [FK_dbo.TecnicoCitas_dbo.Tecnicos_TecnicoId]
GO
ALTER TABLE [dbo].[Tecnicos]  WITH CHECK ADD  CONSTRAINT [FK_dbo.Tecnicos_dbo.Estudios_EstudioId] FOREIGN KEY([EstudioId])
REFERENCES [dbo].[Estudios] ([EstudioId])
ON DELETE CASCADE
GO
ALTER TABLE [dbo].[Tecnicos] CHECK CONSTRAINT [FK_dbo.Tecnicos_dbo.Estudios_EstudioId]
GO
ALTER TABLE [dbo].[Tecnicos]  WITH CHECK ADD  CONSTRAINT [FK_dbo.Tecnicos_dbo.Sucursales_SucursalId] FOREIGN KEY([SucursalId])
REFERENCES [dbo].[Sucursales] ([SucursalId])
ON DELETE CASCADE
GO
ALTER TABLE [dbo].[Tecnicos] CHECK CONSTRAINT [FK_dbo.Tecnicos_dbo.Sucursales_SucursalId]
GO
